Cell,category,label
05_87_62__s5,control,0
02_84_27__s3,control,0
02_95_13__s5,control,0
06_61_12__s1,control,0
03_14_11__s5,control,0
05_46_81__s4,control,0
06_22_58__s3,control,0
01_51_37__s6,control,0
03_05_32__s4,control,0
01_45_30__s4,control,0
06_76_54__s7,control,0
04_07_27__s8,control,0
05_41_18__s7,control,0
03_82_58__s8,control,0
05_88_95__s2,control,0
04_21_51__s2,control,0
05_28_21__s3,control,0
01_73_91__s3,control,0
02_91_15__s7,control,0
04_70_75__s4,control,0
05_73_46__s8,control,0
04_49_24__s8,control,0
02_28_23__s1,control,0
06_56_24__s3,control,0
06_13_01__s4,control,0
03_30_06__s5,control,0
02_52_50__s4,control,0
06_15_87__s6,control,0
05_67_88__s6,control,0
01_79_59__s8,control,0
01_09_32__s6,control,0
04_55_58__s3,control,0
05_21_63__s8,control,0
06_14_65__s5,control,0
04_07_42__s8,control,0
04_96_01__s6,control,0
01_41_94__s8,control,0
05_30_06__s8,control,0
05_64_03__s6,control,0
02_45_94__s1,control,0
04_19_67__s1,control,0
05_05_59__s7,control,0
01_82_48__s7,control,0
05_86_89__s2,control,0
06_15_77__s2,control,0
01_69_57__s3,control,0
03_07_77__s4,control,0
05_10_43__s2,control,0
05_21_77__s7,control,0
01_61_86__s5,control,0
04_21_11__s8,control,0
01_44_81__s1,control,0
02_27_09__s8,control,0
05_13_89__s1,control,0
02_41_78__s3,control,0
03_62_34__s1,control,0
06_47_44__s4,control,0
04_21_52__s1,control,0
01_47_23__s6,control,0
05_49_67__s3,control,0
01_12_75__s3,control,0
03_69_14__s1,control,0
04_71_21__s3,control,0
03_90_44__s3,control,0
04_66_43__s4,control,0
06_59_92__s3,control,0
03_07_21__s3,control,0
05_01_21__s7,control,0
05_77_09__s7,control,0
06_83_70__s4,control,0
01_82_27__s1,control,0
05_64_19__s3,control,0
04_14_17__s2,control,0
05_20_75__s7,control,0
05_87_46__s3,control,0
06_16_27__s3,control,0
06_24_77__s3,control,0
04_48_50__s2,control,0
06_09_83__s1,control,0
06_70_43__s7,control,0
04_66_29__s1,control,0
01_66_51__s7,control,0
05_28_15__s1,control,0
06_95_56__s7,control,0
05_94_47__s8,control,0
03_12_55__s4,control,0
06_68_49__s2,control,0
03_79_53__s8,control,0
02_63_37__s6,control,0
05_13_83__s2,control,0
06_48_81__s3,control,0
04_84_19__s6,control,0
02_91_05__s4,control,0
05_87_93__s5,control,0
04_02_81__s6,control,0
06_17_23__s3,control,0
05_66_24__s4,control,0
02_86_43__s5,control,0
05_25_43__s7,control,0
05_47_70__s6,control,0
04_11_93__s3,control,0
02_69_09__s8,control,0
02_85_67__s5,control,0
04_19_06__s4,control,0
03_05_89__s4,control,0
03_80_31__s3,control,0
03_93_05__s7,control,0
01_18_02__s6,control,0
06_93_37__s2,control,0
05_67_31__s2,control,0
06_31_75__s6,control,0
06_51_46__s1,control,0
04_61_56__s5,control,0
01_54_34__s7,control,0
02_86_31__s3,control,0
03_54_38__s5,control,0
04_56_39__s2,control,0
01_54_04__s5,control,0
03_73_74__s7,control,0
06_22_57__s7,control,0
05_16_02__s6,control,0
04_54_53__s2,control,0
02_87_28__s5,control,0
04_78_16__s5,control,0
05_77_58__s2,control,0
04_02_53__s6,control,0
05_68_91__s4,control,0
03_81_84__s8,control,0
04_44_75__s2,control,0
02_80_94__s2,control,0
05_29_95__s2,control,0
03_25_80__s2,control,0
01_54_90__s4,control,0
04_45_25__s5,control,0
02_53_84__s2,control,0
06_43_40__s1,control,0
04_33_62__s2,control,0
06_60_73__s2,control,0
06_55_94__s4,control,0
01_18_79__s7,control,0
05_19_29__s4,control,0
03_72_62__s6,control,0
06_55_24__s5,control,0
02_43_29__s5,control,0
02_47_02__s3,control,0
06_46_72__s5,control,0
03_43_74__s2,control,0
04_54_08__s2,control,0
06_83_59__s8,control,0
06_77_19__s7,control,0
01_94_24__s1,control,0
01_01_56__s2,control,0
02_88_48__s4,control,0
02_94_27__s4,control,0
03_48_01__s4,control,0
04_40_54__s4,control,0
06_16_34__s4,control,0
01_51_56__s4,control,0
03_68_06__s3,control,0
04_47_86__s8,control,0
03_43_48__s8,control,0
06_37_36__s4,control,0
04_22_93__s3,control,0
01_74_15__s6,control,0
02_31_63__s1,control,0
02_92_05__s4,control,0
03_29_26__s4,control,0
02_53_89__s3,control,0
02_89_53__s3,control,0
04_68_90__s3,control,0
06_64_54__s1,control,0
01_79_24__s4,control,0
04_49_61__s2,control,0
03_73_31__s4,control,0
05_84_41__s7,control,0
03_61_09__s8,control,0
01_21_02__s1,control,0
01_43_69__s1,control,0
02_05_91__s1,control,0
05_21_27__s8,control,0
05_15_88__s2,control,0
05_77_69__s3,control,0
05_23_79__s8,control,0
01_69_78__s7,control,0
04_17_66__s2,control,0
03_26_58__s8,control,0
02_28_59__s8,control,0
03_04_90__s1,control,0
04_89_75__s8,control,0
03_41_35__s1,control,0
04_25_54__s4,control,0
01_02_07__s8,control,0
01_28_53__s5,control,0
04_21_75__s1,control,0
03_04_63__s7,control,0
03_55_73__s3,control,0
04_16_85__s3,control,0
03_50_23__s6,control,0
04_03_50__s2,control,0
06_02_04__s4,control,0
02_40_65__s4,control,0
02_46_86__s7,control,0
01_61_45__s7,control,0
06_12_55__s8,control,0
03_23_09__s1,control,0
05_68_50__s5,control,0
01_89_09__s3,control,0
06_53_39__s6,control,0
01_53_94__s3,control,0
04_76_29__s7,control,0
03_73_54__s8,control,0
01_02_14__s4,control,0
04_31_25__s6,control,0
01_17_07__s4,control,0
03_73_45__s1,control,0
06_93_90__s6,control,0
06_14_93__s5,control,0
06_81_82__s1,control,0
01_20_59__s6,control,0
04_48_34__s5,control,0
05_55_90__s7,control,0
06_54_86__s8,control,0
04_06_66__s3,control,0
04_42_12__s1,control,0
03_51_64__s3,control,0
01_76_50__s5,control,0
03_20_73__s6,control,0
02_80_30__s8,control,0
02_01_01__s2,control,0
02_73_64__s1,control,0
06_39_69__s7,control,0
05_43_41__s4,control,0
06_09_07__s8,control,0
01_53_94__s1,control,0
02_42_88__s1,control,0
02_12_32__s7,control,0
01_13_08__s1,control,0
01_15_91__s5,control,0
05_53_01__s4,control,0
05_16_32__s6,control,0
04_44_34__s1,control,0
01_91_23__s5,control,0
02_49_34__s1,control,0
01_95_47__s6,control,0
05_73_04__s3,control,0
03_25_03__s1,control,0
06_39_21__s3,control,0
04_35_38__s1,control,0
05_51_68__s4,control,0
03_73_77__s4,control,0
06_38_03__s8,control,0
02_90_96__s2,control,0
01_93_32__s8,control,0
06_95_82__s5,control,0
03_39_54__s1,control,0
05_35_55__s3,control,0
04_22_38__s3,control,0
04_75_78__s3,control,0
05_24_78__s3,control,0
04_61_18__s1,control,0
06_89_71__s1,control,0
06_87_64__s4,control,0
03_60_08__s4,control,0
05_35_10__s2,control,0
06_50_83__s4,control,0
05_78_46__s1,control,0
04_44_06__s7,control,0
02_10_05__s6,control,0
02_51_23__s3,control,0
04_30_31__s2,control,0
04_82_69__s3,control,0
01_48_61__s7,control,0
05_80_18__s1,control,0
03_93_91__s5,control,0
06_27_95__s8,control,0
05_46_26__s2,control,0
03_10_52__s8,control,0
01_08_05__s1,control,0
04_61_48__s4,control,0
05_15_85__s1,control,0
01_29_31__s5,control,0
04_56_68__s5,control,0
03_25_38__s8,control,0
03_37_44__s5,control,0
03_17_60__s2,control,0
05_26_59__s4,control,0
04_44_68__s8,control,0
02_31_44__s4,control,0
03_55_08__s6,control,0
02_79_55__s5,control,0
06_07_08__s7,control,0
04_61_34__s1,control,0
05_21_93__s6,control,0
06_28_35__s4,control,0
04_10_18__s7,control,0
02_76_62__s1,control,0
04_70_22__s5,control,0
05_54_94__s4,control,0
05_82_14__s3,control,0
06_85_68__s1,control,0
06_55_73__s5,control,0
05_82_65__s8,control,0
03_18_62__s6,control,0
02_52_34__s2,control,0
06_33_67__s4,control,0
04_20_51__s7,control,0
02_91_45__s6,control,0
02_47_44__s4,control,0
06_21_88__s4,control,0
01_39_63__s8,control,0
06_84_17__s6,control,0
01_08_34__s3,control,0
02_71_35__s2,control,0
03_73_13__s7,control,0
01_47_84__s1,control,0
05_69_86__s5,control,0
02_26_73__s5,control,0
03_78_55__s8,control,0
06_04_44__s7,control,0
06_27_08__s3,control,0
01_45_60__s4,control,0
03_82_92__s5,control,0
06_89_01__s6,control,0
03_88_52__s1,control,0
02_71_55__s6,control,0
06_34_60__s4,control,0
04_87_04__s4,control,0
02_18_21__s1,control,0
04_54_39__s5,control,0
03_26_56__s4,control,0
04_74_05__s8,control,0
06_50_93__s6,control,0
03_20_01__s5,control,0
01_51_73__s5,control,0
04_30_81__s8,control,0
01_55_31__s3,control,0
06_80_06__s4,control,0
06_43_73__s2,control,0
02_06_64__s8,control,0
04_88_67__s1,control,0
06_89_80__s8,control,0
01_42_11__s7,control,0
05_15_24__s7,control,0
05_68_78__s2,control,0
02_51_60__s3,control,0
06_57_27__s1,control,0
06_13_19__s2,control,0
03_13_18__s8,control,0
06_31_42__s6,control,0
02_42_48__s1,control,0
02_46_72__s4,control,0
02_59_56__s1,control,0
06_08_31__s1,control,0
02_67_87__s4,control,0
02_94_58__s6,control,0
05_09_32__s3,control,0
03_68_47__s3,control,0
04_63_51__s1,control,0
02_53_28__s3,control,0
03_24_96__s5,control,0
04_38_84__s6,control,0
05_42_62__s2,control,0
03_23_55__s4,control,0
02_23_94__s8,control,0
03_92_33__s1,control,0
05_60_85__s8,control,0
03_40_93__s5,control,0
03_64_55__s8,control,0
02_67_84__s1,control,0
03_35_67__s7,control,0
02_27_84__s2,control,0
01_09_35__s1,control,0
03_64_04__s7,control,0
02_40_58__s1,control,0
05_75_02__s4,control,0
03_19_57__s8,control,0
01_36_31__s1,control,0
03_30_53__s2,control,0
02_47_47__s7,control,0
01_94_81__s1,control,0
05_68_11__s1,control,0
03_88_36__s4,control,0
02_02_31__s6,control,0
04_25_67__s2,control,0
06_72_46__s8,control,0
05_01_50__s4,control,0
06_61_41__s3,control,0
06_70_34__s7,control,0
05_93_35__s6,control,0
02_71_04__s3,control,0
01_39_79__s6,control,0
01_41_23__s5,control,0
05_76_76__s8,control,0
05_29_82__s1,control,0
05_39_17__s6,control,0
02_32_51__s4,control,0
06_94_48__s5,control,0
01_19_30__s1,control,0
01_80_19__s7,control,0
02_05_21__s4,control,0
04_92_05__s3,control,0
03_53_45__s7,control,0
02_79_14__s3,control,0
05_39_95__s3,control,0
02_17_52__s4,control,0
01_38_82__s3,control,0
05_93_71__s5,control,0
02_13_88__s1,control,0
06_75_56__s7,control,0
04_22_83__s7,control,0
04_37_33__s4,control,0
02_37_68__s1,control,0
01_10_26__s5,control,0
02_59_43__s8,control,0
01_02_96__s2,control,0
05_62_10__s5,control,0
02_81_43__s5,control,0
06_31_89__s4,control,0
02_55_06__s7,control,0
06_38_92__s2,control,0
03_51_83__s2,control,0
05_95_51__s1,control,0
03_51_58__s3,control,0
06_90_63__s7,control,0
06_14_87__s1,control,0
03_49_37__s3,control,0
02_06_66__s1,control,0
06_66_26__s5,control,0
06_72_90__s4,control,0
05_50_64__s2,control,0
04_25_27__s1,control,0
05_66_26__s6,control,0
06_33_35__s7,control,0
03_23_19__s1,control,0
03_59_52__s7,control,0
02_27_37__s7,control,0
06_24_87__s7,control,0
03_75_30__s8,control,0
06_38_66__s7,control,0
05_08_87__s6,control,0
01_84_08__s2,control,0
05_76_81__s6,control,0
03_42_60__s5,control,0
01_06_82__s6,control,0
03_24_67__s3,control,0
01_57_46__s6,control,0
02_03_26__s7,control,0
03_50_76__s7,control,0
06_75_31__s3,control,0
05_91_50__s4,control,0
01_31_07__s8,control,0
05_49_46__s6,control,0
04_26_67__s2,control,0
04_22_87__s1,control,0
06_85_63__s8,control,0
06_42_19__s8,control,0
03_49_53__s4,control,0
03_13_31__s6,control,0
01_77_63__s8,control,0
05_86_02__s6,control,0
02_47_31__s4,control,0
05_06_73__s8,control,0
06_89_49__s6,control,0
04_62_61__s8,control,0
06_49_04__s7,control,0
04_04_81__s4,control,0
06_51_55__s8,control,0
05_51_38__s6,control,0
01_01_50__s4,control,0
06_43_66__s7,control,0
06_77_05__s7,control,0
04_01_12__s1,control,0
03_75_90__s8,control,0
01_62_68__s4,control,0
05_40_29__s8,control,0
05_54_51__s2,control,0
05_48_15__s4,control,0
04_44_31__s5,control,0
03_64_81__s6,control,0
02_72_04__s1,control,0
03_45_80__s7,control,0
06_52_25__s1,control,0
05_65_19__s3,control,0
04_65_81__s2,control,0
02_85_30__s4,control,0
03_61_30__s2,control,0
01_51_67__s1,control,0
04_49_73__s7,control,0
03_61_10__s1,control,0
05_66_65__s3,control,0
02_08_21__s3,control,0
03_16_15__s1,control,0
01_23_86__s1,control,0
05_16_05__s4,control,0
06_58_66__s6,control,0
01_25_59__s1,control,0
01_57_32__s7,control,0
04_78_57__s2,control,0
02_82_74__s2,control,0
03_86_87__s4,control,0
06_18_60__s4,control,0
04_77_63__s3,control,0
04_39_28__s6,control,0
03_24_14__s1,control,0
05_62_08__s6,control,0
04_88_74__s4,control,0
03_90_82__s8,control,0
06_35_15__s2,control,0
03_94_65__s8,control,0
06_55_70__s6,control,0
04_49_81__s4,control,0
01_91_83__s8,control,0
03_24_77__s2,control,0
01_22_03__s7,control,0
01_37_03__s6,control,0
02_93_90__s8,control,0
03_13_59__s7,control,0
04_84_70__s4,control,0
05_01_74__s3,control,0
06_59_11__s1,control,0
03_78_89__s1,control,0
01_21_72__s1,control,0
02_75_02__s7,control,0
06_68_16__s5,control,0
04_31_57__s8,control,0
06_90_78__s2,control,0
05_71_76__s8,control,0
01_10_28__s1,control,0
04_04_10__s2,control,0
03_55_09__s3,control,0
05_95_35__s7,control,0
06_59_34__s5,control,0
02_28_59__s1,control,0
02_21_07__s8,control,0
05_74_80__s2,control,0
04_79_58__s1,control,0
06_02_69__s5,control,0
01_31_43__s6,control,0
06_89_11__s5,control,0
02_61_51__s6,control,0
02_12_96__s5,control,0
03_07_70__s7,control,0
01_62_69__s1,control,0
05_86_29__s7,control,0
01_64_79__s8,control,0
05_72_26__s6,control,0
03_89_84__s3,control,0
01_63_20__s3,control,0
06_92_32__s8,control,0
04_13_96__s8,control,0
05_74_68__s2,control,0
02_38_11__s7,control,0
01_07_87__s4,control,0
01_13_65__s7,control,0
01_28_23__s5,control,0
03_37_51__s7,control,0
02_91_60__s2,control,0
01_59_45__s8,control,0
03_68_27__s4,control,0
05_33_26__s7,control,0
05_62_28__s5,control,0
06_07_17__s4,control,0
06_43_67__s2,control,0
02_02_21__s3,control,0
05_32_64__s5,control,0
01_80_43__s8,control,0
04_81_01__s1,control,0
01_82_26__s5,control,0
06_93_04__s1,control,0
03_63_10__s4,control,0
03_77_19__s1,control,0
01_30_93__s8,control,0
03_25_93__s1,control,0
02_78_05__s5,control,0
02_19_78__s3,control,0
05_13_40__s7,control,0
05_84_30__s7,control,0
01_62_71__s6,control,0
02_92_64__s4,control,0
04_56_80__s4,control,0
06_31_14__s5,control,0
03_76_05__s6,control,0
02_16_73__s7,control,0
05_31_69__s3,control,0
05_30_45__s1,control,0
03_58_42__s1,control,0
05_67_37__s8,control,0
03_22_18__s8,control,0
01_32_53__s4,control,0
03_79_28__s5,control,0
03_56_93__s6,control,0
02_65_21__s2,control,0
01_36_77__s4,control,0
06_91_07__s6,control,0
03_86_73__s2,control,0
03_69_88__s8,control,0
05_75_60__s5,control,0
01_82_68__s3,control,0
01_16_80__s3,control,0
01_46_33__s5,control,0
04_88_16__s6,control,0
02_69_39__s2,control,0
06_10_68__s8,control,0
05_62_31__s4,control,0
04_16_77__s8,control,0
02_59_88__s6,control,0
06_04_56__s6,control,0
01_93_83__s6,control,0
06_63_64__s1,control,0
05_21_44__s5,control,0
04_02_13__s1,control,0
02_71_07__s4,control,0
06_03_69__s5,control,0
02_56_63__s3,control,0
05_06_29__s7,control,0
01_04_40__s4,control,0
05_07_81__s8,control,0
05_60_62__s5,control,0
06_04_30__s4,control,0
01_89_48__s4,control,0
06_93_13__s6,control,0
06_83_85__s3,control,0
02_91_03__s1,control,0
06_39_49__s3,control,0
03_46_09__s4,control,0
02_93_37__s4,control,0
01_75_36__s5,control,0
06_51_11__s7,control,0
01_19_72__s5,control,0
05_17_39__s8,control,0
06_13_05__s1,control,0
06_25_96__s3,control,0
05_80_18__s3,control,0
04_06_85__s7,control,0
01_41_91__s6,control,0
06_09_25__s8,control,0
04_79_80__s4,control,0
01_78_55__s7,control,0
04_89_15__s1,control,0
05_54_57__s5,control,0
05_70_82__s6,control,0
03_10_21__s7,control,0
06_85_69__s5,control,0
02_26_17__s2,control,0
03_82_78__s7,control,0
02_67_23__s4,control,0
05_05_68__s6,control,0
04_82_36__s5,control,0
03_23_69__s1,control,0
04_58_43__s4,control,0
04_07_61__s2,control,0
04_49_80__s4,control,0
04_30_32__s2,control,0
06_61_62__s8,control,0
06_44_22__s4,control,0
02_75_40__s2,control,0
02_74_35__s6,control,0
06_28_72__s7,control,0
01_05_23__s7,control,0
01_06_80__s7,control,0
05_40_88__s2,control,0
02_54_71__s1,control,0
03_85_80__s1,control,0
04_41_66__s5,control,0
04_74_07__s1,control,0
03_59_85__s1,control,0
04_41_66__s6,control,0
04_68_37__s7,control,0
05_26_23__s2,control,0
06_83_74__s4,control,0
04_54_05__s2,control,0
05_58_84__s3,control,0
03_89_15__s4,control,0
03_31_15__s8,control,0
04_34_93__s2,control,0
02_15_70__s1,control,0
03_52_89__s5,control,0
06_23_26__s4,control,0
03_91_25__s2,control,0
06_77_45__s4,control,0
05_06_59__s7,control,0
02_39_22__s8,control,0
06_93_53__s2,control,0
04_29_41__s3,control,0
03_16_26__s2,control,0
04_58_92__s1,control,0
01_65_15__s8,control,0
01_53_32__s3,control,0
01_57_65__s5,control,0
06_36_95__s1,control,0
02_46_23__s5,control,0
03_28_72__s5,control,0
05_49_92__s7,control,0
04_96_48__s8,control,0
03_51_42__s4,control,0
06_56_11__s8,control,0
03_73_82__s5,control,0
06_07_54__s6,control,0
01_08_11__s6,control,0
03_68_93__s7,control,0
04_94_70__s4,control,0
05_63_46__s4,control,0
06_35_68__s4,control,0
02_20_26__s8,control,0
06_74_82__s3,control,0
06_52_44__s3,control,0
06_55_59__s5,control,0
01_08_30__s1,control,0
02_45_53__s8,control,0
02_31_78__s3,control,0
02_33_07__s2,control,0
02_52_16__s7,control,0
03_35_16__s2,control,0
06_91_20__s4,control,0
03_25_68__s8,control,0
05_46_49__s2,control,0
06_84_17__s4,control,0
01_06_22__s3,control,0
02_79_56__s2,control,0
02_47_06__s8,control,0
03_01_85__s6,control,0
02_82_96__s2,control,0
05_11_20__s3,control,0
05_12_47__s5,control,0
05_05_80__s7,control,0
05_34_60__s8,control,0
01_87_06__s5,control,0
02_96_64__s7,control,0
02_85_77__s4,control,0
02_20_35__s5,control,0
01_26_45__s6,control,0
05_37_93__s2,control,0
01_41_81__s7,control,0
01_90_81__s3,control,0
01_15_50__s3,control,0
05_73_96__s1,control,0
05_01_05__s1,control,0
01_24_46__s6,control,0
05_16_09__s7,control,0
02_49_83__s2,control,0
02_07_40__s6,control,0
03_83_96__s3,control,0
01_04_22__s1,control,0
01_39_01__s6,control,0
06_38_27__s8,control,0
01_56_64__s5,control,0
04_32_55__s2,control,0
03_37_54__s8,control,0
04_16_08__s5,control,0
04_71_85__s1,control,0
15_20_27__s8,PD-L1,1
16_40_58__s1,PD-L1,1
18_04_07__s2,PD-L1,1
13_07_41__s8,PD-L1,1
13_39_07__s2,PD-L1,1
13_02_29__s6,PD-L1,1
13_14_39__s6,PD-L1,1
17_83_86__s2,PD-L1,1
14_32_61__s1,PD-L1,1
17_13_24__s1,PD-L1,1
16_71_54__s5,PD-L1,1
15_41_38__s5,PD-L1,1
17_64_76__s3,PD-L1,1
18_30_37__s2,PD-L1,1
13_62_64__s1,PD-L1,1
14_45_42__s5,PD-L1,1
13_94_86__s3,PD-L1,1
14_95_96__s1,PD-L1,1
16_25_83__s8,PD-L1,1
18_88_42__s3,PD-L1,1
13_30_91__s2,PD-L1,1
15_08_47__s4,PD-L1,1
16_69_20__s2,PD-L1,1
13_68_63__s1,PD-L1,1
16_03_20__s1,PD-L1,1
15_50_74__s3,PD-L1,1
17_79_28__s6,PD-L1,1
16_37_50__s2,PD-L1,1
13_65_23__s7,PD-L1,1
17_05_22__s8,PD-L1,1
15_38_81__s7,PD-L1,1
17_30_47__s7,PD-L1,1
17_10_90__s1,PD-L1,1
15_52_30__s1,PD-L1,1
15_22_03__s2,PD-L1,1
16_79_27__s8,PD-L1,1
18_24_33__s1,PD-L1,1
18_12_40__s2,PD-L1,1
16_56_37__s8,PD-L1,1
13_05_81__s7,PD-L1,1
18_04_12__s7,PD-L1,1
18_56_37__s1,PD-L1,1
15_80_90__s5,PD-L1,1
13_23_33__s1,PD-L1,1
14_27_14__s1,PD-L1,1
13_18_27__s2,PD-L1,1
17_23_45__s6,PD-L1,1
16_84_43__s3,PD-L1,1
15_07_37__s7,PD-L1,1
13_48_04__s6,PD-L1,1
14_44_43__s7,PD-L1,1
13_94_74__s3,PD-L1,1
14_42_05__s3,PD-L1,1
15_56_73__s3,PD-L1,1
18_28_20__s2,PD-L1,1
16_30_02__s8,PD-L1,1
14_89_52__s8,PD-L1,1
14_22_86__s7,PD-L1,1
15_49_71__s8,PD-L1,1
17_43_82__s1,PD-L1,1
15_71_56__s3,PD-L1,1
15_75_86__s3,PD-L1,1
17_73_35__s4,PD-L1,1
17_17_14__s1,PD-L1,1
16_40_04__s2,PD-L1,1
18_22_22__s8,PD-L1,1
15_66_80__s8,PD-L1,1
15_25_37__s6,PD-L1,1
16_16_69__s2,PD-L1,1
16_57_62__s1,PD-L1,1
13_50_46__s7,PD-L1,1
13_68_64__s3,PD-L1,1
14_80_91__s5,PD-L1,1
15_45_34__s1,PD-L1,1
17_62_96__s1,PD-L1,1
13_84_73__s8,PD-L1,1
18_85_01__s2,PD-L1,1
18_72_39__s5,PD-L1,1
15_65_81__s4,PD-L1,1
13_45_86__s5,PD-L1,1
15_53_86__s1,PD-L1,1
17_76_41__s5,PD-L1,1
18_79_73__s2,PD-L1,1
16_46_05__s2,PD-L1,1
13_24_45__s3,PD-L1,1
14_88_40__s7,PD-L1,1
16_34_38__s1,PD-L1,1
13_81_79__s7,PD-L1,1
13_08_30__s5,PD-L1,1
14_34_77__s5,PD-L1,1
16_85_79__s3,PD-L1,1
18_56_73__s2,PD-L1,1
15_87_34__s2,PD-L1,1
18_26_26__s1,PD-L1,1
17_39_35__s6,PD-L1,1
17_55_24__s6,PD-L1,1
15_79_54__s5,PD-L1,1
17_80_49__s8,PD-L1,1
15_01_52__s6,PD-L1,1
13_06_48__s1,PD-L1,1
16_04_64__s6,PD-L1,1
13_44_93__s7,PD-L1,1
14_05_80__s2,PD-L1,1
16_13_88__s3,PD-L1,1
13_79_96__s5,PD-L1,1
18_61_58__s5,PD-L1,1
17_56_82__s3,PD-L1,1
18_49_95__s4,PD-L1,1
16_47_43__s3,PD-L1,1
13_85_30__s6,PD-L1,1
17_25_27__s1,PD-L1,1
14_91_68__s5,PD-L1,1
14_55_31__s3,PD-L1,1
13_45_94__s5,PD-L1,1
18_40_84__s2,PD-L1,1
13_16_74__s1,PD-L1,1
13_04_19__s6,PD-L1,1
17_77_93__s5,PD-L1,1
14_22_64__s3,PD-L1,1
14_49_43__s1,PD-L1,1
14_93_30__s1,PD-L1,1
14_02_63__s7,PD-L1,1
18_09_21__s4,PD-L1,1
17_75_69__s5,PD-L1,1
14_49_06__s7,PD-L1,1
14_08_72__s4,PD-L1,1
18_54_34__s1,PD-L1,1
18_20_44__s8,PD-L1,1
13_54_63__s3,PD-L1,1
14_09_14__s7,PD-L1,1
13_84_45__s7,PD-L1,1
13_14_42__s5,PD-L1,1
17_09_81__s5,PD-L1,1
18_45_64__s5,PD-L1,1
18_11_94__s2,PD-L1,1
16_85_61__s7,PD-L1,1
17_93_33__s7,PD-L1,1
13_75_55__s2,PD-L1,1
13_28_24__s3,PD-L1,1
13_84_70__s1,PD-L1,1
14_93_54__s1,PD-L1,1
17_52_96__s7,PD-L1,1
15_16_06__s3,PD-L1,1
14_95_93__s4,PD-L1,1
15_48_55__s1,PD-L1,1
14_74_16__s8,PD-L1,1
14_57_42__s4,PD-L1,1
17_12_80__s1,PD-L1,1
17_40_74__s6,PD-L1,1
14_55_14__s1,PD-L1,1
16_44_74__s8,PD-L1,1
17_28_74__s2,PD-L1,1
15_31_55__s4,PD-L1,1
16_36_44__s5,PD-L1,1
18_64_67__s8,PD-L1,1
15_90_55__s5,PD-L1,1
17_22_70__s7,PD-L1,1
13_60_22__s3,PD-L1,1
15_42_38__s8,PD-L1,1
14_33_20__s2,PD-L1,1
18_09_51__s7,PD-L1,1
17_12_09__s6,PD-L1,1
15_09_89__s1,PD-L1,1
17_46_04__s3,PD-L1,1
13_47_24__s3,PD-L1,1
18_43_22__s1,PD-L1,1
18_80_91__s2,PD-L1,1
15_30_38__s4,PD-L1,1
16_30_27__s3,PD-L1,1
14_31_03__s6,PD-L1,1
18_95_58__s1,PD-L1,1
13_27_30__s1,PD-L1,1
15_41_05__s5,PD-L1,1
14_88_72__s4,PD-L1,1
18_29_22__s8,PD-L1,1
17_40_41__s5,PD-L1,1
13_80_93__s6,PD-L1,1
13_38_95__s5,PD-L1,1
18_70_43__s2,PD-L1,1
18_24_46__s4,PD-L1,1
18_56_32__s7,PD-L1,1
18_44_74__s8,PD-L1,1
18_43_34__s3,PD-L1,1
16_72_16__s2,PD-L1,1
17_15_91__s5,PD-L1,1
15_24_10__s2,PD-L1,1
17_20_64__s8,PD-L1,1
13_04_50__s5,PD-L1,1
14_72_32__s5,PD-L1,1
17_90_46__s8,PD-L1,1
14_41_75__s6,PD-L1,1
15_17_91__s2,PD-L1,1
17_42_94__s6,PD-L1,1
15_61_07__s7,PD-L1,1
17_65_10__s1,PD-L1,1
15_45_80__s6,PD-L1,1
16_30_80__s3,PD-L1,1
14_18_36__s5,PD-L1,1
15_56_11__s8,PD-L1,1
17_21_86__s6,PD-L1,1
14_56_75__s3,PD-L1,1
17_95_41__s3,PD-L1,1
18_86_38__s1,PD-L1,1
18_59_42__s5,PD-L1,1
13_36_28__s7,PD-L1,1
18_37_80__s2,PD-L1,1
18_11_39__s1,PD-L1,1
16_70_71__s1,PD-L1,1
16_05_57__s5,PD-L1,1
17_04_27__s2,PD-L1,1
18_36_51__s2,PD-L1,1
17_36_94__s1,PD-L1,1
14_65_73__s2,PD-L1,1
15_49_11__s5,PD-L1,1
15_27_82__s7,PD-L1,1
14_38_47__s1,PD-L1,1
14_72_90__s4,PD-L1,1
15_63_05__s3,PD-L1,1
13_49_56__s6,PD-L1,1
17_34_74__s6,PD-L1,1
14_31_50__s1,PD-L1,1
15_16_36__s1,PD-L1,1
15_40_32__s2,PD-L1,1
16_86_84__s6,PD-L1,1
14_71_34__s1,PD-L1,1
16_51_18__s2,PD-L1,1
18_48_53__s2,PD-L1,1
16_66_38__s1,PD-L1,1
15_64_18__s5,PD-L1,1
18_19_63__s1,PD-L1,1
13_83_45__s5,PD-L1,1
16_56_84__s8,PD-L1,1
16_66_67__s6,PD-L1,1
13_52_15__s1,PD-L1,1
14_26_78__s5,PD-L1,1
13_09_15__s1,PD-L1,1
13_74_25__s3,PD-L1,1
16_68_77__s7,PD-L1,1
15_43_27__s5,PD-L1,1
16_26_95__s1,PD-L1,1
13_75_29__s8,PD-L1,1
18_36_44__s2,PD-L1,1
16_04_51__s5,PD-L1,1
18_88_73__s4,PD-L1,1
18_78_60__s4,PD-L1,1
17_15_58__s4,PD-L1,1
18_06_31__s6,PD-L1,1
14_81_83__s6,PD-L1,1
13_32_41__s2,PD-L1,1
16_90_52__s2,PD-L1,1
14_41_31__s7,PD-L1,1
14_54_29__s2,PD-L1,1
17_77_89__s8,PD-L1,1
16_58_26__s2,PD-L1,1
14_11_69__s2,PD-L1,1
17_06_47__s1,PD-L1,1
16_61_82__s4,PD-L1,1
15_32_93__s8,PD-L1,1
17_20_05__s3,PD-L1,1
14_18_64__s7,PD-L1,1
13_10_21__s4,PD-L1,1
13_36_58__s5,PD-L1,1
16_38_69__s7,PD-L1,1
16_65_78__s2,PD-L1,1
14_28_11__s3,PD-L1,1
15_20_33__s8,PD-L1,1
16_94_66__s6,PD-L1,1
14_88_29__s6,PD-L1,1
14_17_10__s1,PD-L1,1
16_81_41__s3,PD-L1,1
15_01_02__s2,PD-L1,1
14_56_96__s6,PD-L1,1
18_93_67__s2,PD-L1,1
17_54_18__s8,PD-L1,1
18_02_40__s7,PD-L1,1
13_12_34__s2,PD-L1,1
16_20_16__s7,PD-L1,1
13_22_54__s4,PD-L1,1
16_59_22__s1,PD-L1,1
17_30_07__s6,PD-L1,1
17_47_83__s7,PD-L1,1
18_15_49__s8,PD-L1,1
17_66_63__s3,PD-L1,1
14_11_65__s5,PD-L1,1
13_46_81__s8,PD-L1,1
14_25_37__s4,PD-L1,1
15_11_64__s5,PD-L1,1
17_40_87__s1,PD-L1,1
18_46_94__s1,PD-L1,1
18_17_60__s6,PD-L1,1
18_66_21__s2,PD-L1,1
15_71_75__s7,PD-L1,1
15_13_86__s4,PD-L1,1
13_67_76__s3,PD-L1,1
16_33_66__s4,PD-L1,1
15_02_42__s6,PD-L1,1
13_28_84__s4,PD-L1,1
18_94_68__s2,PD-L1,1
17_93_32__s1,PD-L1,1
15_71_29__s8,PD-L1,1
16_78_59__s5,PD-L1,1
18_77_91__s5,PD-L1,1
13_17_68__s4,PD-L1,1
13_72_29__s8,PD-L1,1
17_94_66__s2,PD-L1,1
13_81_52__s3,PD-L1,1
14_32_26__s2,PD-L1,1
17_37_66__s4,PD-L1,1
14_93_08__s2,PD-L1,1
17_29_18__s1,PD-L1,1
18_81_50__s1,PD-L1,1
18_07_32__s3,PD-L1,1
17_45_08__s2,PD-L1,1
17_19_42__s3,PD-L1,1
17_39_91__s5,PD-L1,1
18_82_27__s2,PD-L1,1
17_79_49__s5,PD-L1,1
17_03_51__s4,PD-L1,1
15_49_50__s1,PD-L1,1
18_25_08__s1,PD-L1,1
15_21_41__s1,PD-L1,1
18_62_17__s8,PD-L1,1
18_44_21__s8,PD-L1,1
15_20_21__s4,PD-L1,1
13_72_88__s1,PD-L1,1
13_43_34__s4,PD-L1,1
15_52_75__s5,PD-L1,1
15_05_23__s5,PD-L1,1
17_50_29__s8,PD-L1,1
13_20_72__s1,PD-L1,1
13_81_28__s3,PD-L1,1
14_21_17__s5,PD-L1,1
14_43_30__s8,PD-L1,1
13_73_87__s6,PD-L1,1
16_53_32__s5,PD-L1,1
17_46_88__s6,PD-L1,1
14_89_71__s7,PD-L1,1
13_45_86__s8,PD-L1,1
18_96_21__s6,PD-L1,1
13_81_44__s5,PD-L1,1
15_21_77__s1,PD-L1,1
17_15_48__s6,PD-L1,1
16_64_85__s6,PD-L1,1
18_52_42__s7,PD-L1,1
13_01_31__s5,PD-L1,1
13_45_13__s2,PD-L1,1
13_68_61__s7,PD-L1,1
18_16_19__s2,PD-L1,1
15_80_52__s8,PD-L1,1
15_77_15__s1,PD-L1,1
16_36_88__s8,PD-L1,1
13_76_29__s2,PD-L1,1
14_48_20__s4,PD-L1,1
18_91_21__s8,PD-L1,1
13_54_86__s1,PD-L1,1
16_84_91__s4,PD-L1,1
18_68_62__s1,PD-L1,1
16_05_51__s3,PD-L1,1
15_04_59__s3,PD-L1,1
18_46_78__s5,PD-L1,1
14_28_37__s3,PD-L1,1
18_86_84__s1,PD-L1,1
15_56_59__s3,PD-L1,1
14_13_09__s6,PD-L1,1
15_83_02__s2,PD-L1,1
18_69_69__s3,PD-L1,1
15_04_50__s8,PD-L1,1
16_08_61__s7,PD-L1,1
15_35_41__s3,PD-L1,1
17_51_16__s6,PD-L1,1
14_88_05__s8,PD-L1,1
18_30_22__s6,PD-L1,1
13_94_26__s1,PD-L1,1
13_92_42__s7,PD-L1,1
14_61_57__s5,PD-L1,1
13_82_09__s3,PD-L1,1
18_86_53__s4,PD-L1,1
18_45_79__s6,PD-L1,1
18_77_42__s8,PD-L1,1
14_14_11__s6,PD-L1,1
16_66_68__s8,PD-L1,1
13_45_14__s6,PD-L1,1
16_60_17__s1,PD-L1,1
14_11_10__s6,PD-L1,1
16_57_90__s7,PD-L1,1
16_10_04__s7,PD-L1,1
18_45_16__s8,PD-L1,1
15_90_63__s5,PD-L1,1
16_89_44__s2,PD-L1,1
13_55_48__s7,PD-L1,1
16_62_93__s4,PD-L1,1
14_54_46__s1,PD-L1,1
16_39_09__s5,PD-L1,1
14_33_55__s3,PD-L1,1
16_10_67__s2,PD-L1,1
13_82_88__s8,PD-L1,1
16_69_07__s8,PD-L1,1
15_89_43__s3,PD-L1,1
17_56_30__s7,PD-L1,1
13_74_75__s5,PD-L1,1
17_96_61__s7,PD-L1,1
14_20_86__s4,PD-L1,1
13_74_64__s1,PD-L1,1
16_15_41__s7,PD-L1,1
13_50_46__s2,PD-L1,1
14_48_73__s7,PD-L1,1
17_88_14__s7,PD-L1,1
17_86_79__s5,PD-L1,1
13_08_57__s5,PD-L1,1
17_79_30__s7,PD-L1,1
18_28_17__s8,PD-L1,1
17_93_92__s6,PD-L1,1
14_81_82__s7,PD-L1,1
18_44_56__s8,PD-L1,1
13_31_90__s2,PD-L1,1
18_11_58__s3,PD-L1,1
17_67_52__s3,PD-L1,1
18_79_11__s3,PD-L1,1
14_82_87__s4,PD-L1,1
16_65_77__s7,PD-L1,1
18_65_93__s7,PD-L1,1
18_45_20__s1,PD-L1,1
13_94_09__s4,PD-L1,1
18_18_02__s7,PD-L1,1
16_69_29__s7,PD-L1,1
18_20_34__s1,PD-L1,1
13_11_55__s8,PD-L1,1
16_91_16__s7,PD-L1,1
18_16_53__s8,PD-L1,1
13_40_30__s4,PD-L1,1
14_33_42__s4,PD-L1,1
15_64_20__s8,PD-L1,1
17_75_09__s1,PD-L1,1
18_68_14__s4,PD-L1,1
14_92_58__s5,PD-L1,1
13_35_10__s1,PD-L1,1
18_58_24__s7,PD-L1,1
14_80_19__s1,PD-L1,1
16_07_94__s1,PD-L1,1
15_24_01__s7,PD-L1,1
16_15_43__s4,PD-L1,1
18_67_40__s4,PD-L1,1
15_73_28__s7,PD-L1,1
15_45_45__s7,PD-L1,1
16_21_24__s1,PD-L1,1
18_08_82__s2,PD-L1,1
17_68_50__s1,PD-L1,1
18_61_20__s6,PD-L1,1
15_07_03__s3,PD-L1,1
16_07_79__s4,PD-L1,1
18_10_15__s7,PD-L1,1
14_41_21__s3,PD-L1,1
15_56_64__s4,PD-L1,1
18_82_22__s4,PD-L1,1
13_75_23__s2,PD-L1,1
17_55_60__s7,PD-L1,1
17_58_75__s4,PD-L1,1
15_78_06__s6,PD-L1,1
13_12_37__s8,PD-L1,1
16_65_36__s2,PD-L1,1
15_83_35__s5,PD-L1,1
18_59_40__s8,PD-L1,1
13_77_32__s5,PD-L1,1
15_12_65__s4,PD-L1,1
18_52_75__s3,PD-L1,1
18_39_63__s7,PD-L1,1
13_42_78__s4,PD-L1,1
13_89_91__s1,PD-L1,1
16_87_14__s3,PD-L1,1
13_58_33__s3,PD-L1,1
18_55_59__s8,PD-L1,1
17_76_47__s4,PD-L1,1
17_76_11__s5,PD-L1,1
13_48_74__s1,PD-L1,1
14_32_44__s2,PD-L1,1
14_64_19__s7,PD-L1,1
17_37_31__s2,PD-L1,1
15_28_87__s3,PD-L1,1
17_47_02__s3,PD-L1,1
14_70_02__s7,PD-L1,1
16_91_21__s4,PD-L1,1
14_48_96__s2,PD-L1,1
15_80_06__s1,PD-L1,1
17_25_65__s1,PD-L1,1
15_15_06__s3,PD-L1,1
17_62_78__s3,PD-L1,1
17_15_85__s2,PD-L1,1
17_42_48__s3,PD-L1,1
17_43_22__s8,PD-L1,1
15_41_27__s2,PD-L1,1
15_63_93__s4,PD-L1,1
16_74_14__s6,PD-L1,1
14_68_24__s7,PD-L1,1
17_32_62__s2,PD-L1,1
18_25_83__s8,PD-L1,1
17_08_79__s6,PD-L1,1
15_95_24__s6,PD-L1,1
17_38_96__s3,PD-L1,1
14_87_71__s1,PD-L1,1
18_29_96__s8,PD-L1,1
15_49_75__s1,PD-L1,1
17_32_56__s3,PD-L1,1
18_07_78__s3,PD-L1,1
15_02_19__s7,PD-L1,1
16_30_67__s4,PD-L1,1
14_05_04__s5,PD-L1,1
14_07_43__s7,PD-L1,1
14_20_34__s1,PD-L1,1
13_41_80__s8,PD-L1,1
17_25_40__s7,PD-L1,1
13_40_02__s1,PD-L1,1
15_67_62__s3,PD-L1,1
17_16_37__s3,PD-L1,1
14_41_09__s6,PD-L1,1
18_53_09__s6,PD-L1,1
18_65_90__s1,PD-L1,1
15_34_29__s7,PD-L1,1
17_24_46__s5,PD-L1,1
15_56_93__s3,PD-L1,1
18_84_42__s4,PD-L1,1
15_02_14__s5,PD-L1,1
17_83_85__s1,PD-L1,1
16_15_60__s2,PD-L1,1
18_52_26__s6,PD-L1,1
18_15_86__s7,PD-L1,1
17_82_20__s1,PD-L1,1
18_48_22__s2,PD-L1,1
18_46_30__s6,PD-L1,1
16_74_17__s8,PD-L1,1
18_29_80__s8,PD-L1,1
16_14_34__s8,PD-L1,1
15_08_58__s3,PD-L1,1
17_35_43__s5,PD-L1,1
16_44_85__s7,PD-L1,1
18_13_41__s3,PD-L1,1
17_76_48__s4,PD-L1,1
15_21_55__s4,PD-L1,1
18_41_33__s3,PD-L1,1
17_65_07__s2,PD-L1,1
14_39_43__s8,PD-L1,1
16_09_45__s2,PD-L1,1
15_48_76__s8,PD-L1,1
16_55_49__s7,PD-L1,1
13_05_06__s8,PD-L1,1
13_55_05__s1,PD-L1,1
13_83_91__s6,PD-L1,1
14_78_20__s3,PD-L1,1
18_84_12__s1,PD-L1,1
13_69_30__s6,PD-L1,1
16_48_86__s4,PD-L1,1
16_52_29__s5,PD-L1,1
18_63_26__s1,PD-L1,1
18_49_12__s1,PD-L1,1
17_94_21__s7,PD-L1,1
13_10_07__s3,PD-L1,1
14_94_88__s3,PD-L1,1
14_37_73__s6,PD-L1,1
13_63_33__s2,PD-L1,1
14_82_66__s2,PD-L1,1
14_07_50__s7,PD-L1,1
18_71_88__s2,PD-L1,1
16_24_01__s8,PD-L1,1
14_04_54__s7,PD-L1,1
18_18_36__s1,PD-L1,1
13_91_44__s3,PD-L1,1
15_87_49__s3,PD-L1,1
15_42_94__s5,PD-L1,1
14_92_43__s5,PD-L1,1
18_55_43__s6,PD-L1,1
13_87_68__s5,PD-L1,1
16_20_30__s3,PD-L1,1
18_56_28__s6,PD-L1,1
13_40_43__s2,PD-L1,1
18_27_89__s5,PD-L1,1
13_83_48__s5,PD-L1,1
15_04_23__s2,PD-L1,1
13_67_39__s7,PD-L1,1
15_27_52__s3,PD-L1,1
15_02_34__s1,PD-L1,1
15_06_06__s8,PD-L1,1
15_60_36__s3,PD-L1,1
16_59_61__s1,PD-L1,1
17_79_15__s8,PD-L1,1
13_51_46__s7,PD-L1,1
18_34_13__s3,PD-L1,1
13_11_06__s1,PD-L1,1
15_81_92__s4,PD-L1,1
16_88_63__s2,PD-L1,1
15_55_66__s4,PD-L1,1
14_77_80__s2,PD-L1,1
14_40_91__s4,PD-L1,1
14_15_77__s2,PD-L1,1
16_23_43__s1,PD-L1,1
14_63_86__s4,PD-L1,1
15_07_59__s1,PD-L1,1
15_37_60__s6,PD-L1,1
14_53_90__s3,PD-L1,1
17_79_16__s4,PD-L1,1
16_91_64__s2,PD-L1,1
13_05_43__s5,PD-L1,1
17_33_20__s6,PD-L1,1
15_59_38__s5,PD-L1,1
17_36_76__s8,PD-L1,1
13_41_41__s6,PD-L1,1
13_10_94__s6,PD-L1,1
17_52_50__s2,PD-L1,1
17_30_34__s7,PD-L1,1
13_09_88__s5,PD-L1,1
17_95_40__s7,PD-L1,1
15_70_52__s7,PD-L1,1
15_32_23__s6,PD-L1,1
16_87_79__s3,PD-L1,1
15_62_31__s3,PD-L1,1
15_07_33__s3,PD-L1,1
13_89_68__s3,PD-L1,1
17_02_45__s4,PD-L1,1
17_67_76__s6,PD-L1,1
16_15_56__s7,PD-L1,1
13_06_67__s4,PD-L1,1
17_61_16__s6,PD-L1,1
16_46_05__s3,PD-L1,1
13_43_24__s1,PD-L1,1
17_69_80__s3,PD-L1,1
17_52_22__s6,PD-L1,1
16_26_26__s6,PD-L1,1
17_65_89__s1,PD-L1,1
13_17_35__s6,PD-L1,1
16_80_15__s7,PD-L1,1
16_78_59__s1,PD-L1,1
18_31_75__s8,PD-L1,1
14_69_85__s1,PD-L1,1
17_44_04__s7,PD-L1,1
17_86_27__s4,PD-L1,1
15_27_39__s7,PD-L1,1
14_29_46__s2,PD-L1,1
13_20_65__s6,PD-L1,1
13_49_58__s3,PD-L1,1
17_17_87__s5,PD-L1,1
13_36_64__s5,PD-L1,1
16_66_78__s5,PD-L1,1
13_40_60__s2,PD-L1,1
16_73_17__s6,PD-L1,1
15_89_22__s7,PD-L1,1
13_31_04__s8,PD-L1,1
14_05_54__s1,PD-L1,1
13_73_80__s7,PD-L1,1
16_13_82__s3,PD-L1,1
18_05_22__s8,PD-L1,1
13_04_19__s7,PD-L1,1
16_92_19__s6,PD-L1,1
14_19_65__s1,PD-L1,1
16_04_48__s5,PD-L1,1
17_02_74__s6,PD-L1,1
18_53_30__s4,PD-L1,1
14_61_09__s1,PD-L1,1
16_16_54__s3,PD-L1,1
17_51_45__s1,PD-L1,1
15_70_92__s7,PD-L1,1
18_75_13__s5,PD-L1,1
14_36_09__s5,PD-L1,1
18_60_18__s6,PD-L1,1
13_22_70__s3,PD-L1,1
18_85_11__s1,PD-L1,1
15_19_94__s1,PD-L1,1
15_03_48__s2,PD-L1,1
13_17_19__s4,PD-L1,1
15_90_02__s5,PD-L1,1
14_07_51__s1,PD-L1,1
16_76_69__s3,PD-L1,1
14_47_75__s2,PD-L1,1
18_65_17__s6,PD-L1,1
17_79_26__s2,PD-L1,1
18_04_57__s1,PD-L1,1
13_73_14__s6,PD-L1,1
13_19_01__s6,PD-L1,1
17_01_25__s8,PD-L1,1
14_96_47__s3,PD-L1,1
15_02_62__s5,PD-L1,1
17_58_05__s3,PD-L1,1
15_39_06__s4,PD-L1,1
18_92_03__s4,PD-L1,1
14_72_07__s5,PD-L1,1
14_01_31__s4,PD-L1,1
18_28_10__s1,PD-L1,1
16_62_38__s8,PD-L1,1
18_31_50__s2,PD-L1,1
15_46_33__s8,PD-L1,1
15_96_18__s6,PD-L1,1
15_78_89__s1,PD-L1,1
13_87_33__s2,PD-L1,1
13_56_23__s2,PD-L1,1
15_43_24__s1,PD-L1,1
18_19_80__s3,PD-L1,1
17_79_91__s1,PD-L1,1
16_76_44__s2,PD-L1,1
13_33_31__s6,PD-L1,1
18_09_46__s8,PD-L1,1
16_82_66__s5,PD-L1,1
18_29_41__s1,PD-L1,1
14_54_74__s2,PD-L1,1
17_60_01__s1,PD-L1,1
13_20_49__s7,PD-L1,1
17_44_41__s4,PD-L1,1
18_13_79__s4,PD-L1,1
13_16_93__s7,PD-L1,1
17_41_04__s8,PD-L1,1
14_47_70__s5,PD-L1,1
15_55_10__s1,PD-L1,1
15_25_31__s4,PD-L1,1
13_16_63__s5,PD-L1,1
15_76_27__s2,PD-L1,1
18_69_53__s6,PD-L1,1
17_08_62__s4,PD-L1,1
18_09_55__s2,PD-L1,1
18_93_55__s6,PD-L1,1
15_93_77__s4,PD-L1,1
18_01_32__s4,PD-L1,1
18_67_35__s4,PD-L1,1
13_10_43__s5,PD-L1,1
17_44_60__s7,PD-L1,1
17_91_75__s3,PD-L1,1
17_70_31__s2,PD-L1,1
14_94_89__s7,PD-L1,1
16_29_43__s1,PD-L1,1
15_55_69__s2,PD-L1,1
13_95_77__s4,PD-L1,1
17_79_74__s6,PD-L1,1
16_30_23__s1,PD-L1,1
15_52_44__s7,PD-L1,1
15_45_20__s7,PD-L1,1
13_55_20__s4,PD-L1,1
17_37_78__s4,PD-L1,1
16_15_88__s7,PD-L1,1
18_87_68__s3,PD-L1,1
16_30_45__s3,PD-L1,1
14_41_10__s7,PD-L1,1
14_95_72__s8,PD-L1,1
16_74_93__s4,PD-L1,1
17_57_34__s3,PD-L1,1
16_21_57__s6,PD-L1,1
16_03_89__s3,PD-L1,1
14_26_33__s2,PD-L1,1
14_53_22__s1,PD-L1,1
17_46_40__s4,PD-L1,1
18_23_85__s4,PD-L1,1
13_36_63__s1,PD-L1,1
14_12_49__s7,PD-L1,1
14_49_78__s8,PD-L1,1
14_89_06__s6,PD-L1,1
15_82_14__s5,PD-L1,1
12_07_96__s5,DAC,2
09_66_30__s7,DAC,2
07_15_11__s4,DAC,2
08_41_44__s7,DAC,2
07_33_26__s7,DAC,2
08_14_32__s5,DAC,2
09_62_43__s6,DAC,2
08_03_88__s4,DAC,2
07_17_08__s4,DAC,2
09_24_79__s2,DAC,2
12_08_17__s1,DAC,2
08_88_82__s8,DAC,2
10_54_03__s3,DAC,2
10_83_57__s8,DAC,2
08_38_46__s3,DAC,2
08_10_47__s8,DAC,2
07_47_63__s3,DAC,2
09_35_19__s8,DAC,2
10_49_09__s4,DAC,2
12_08_21__s2,DAC,2
12_20_43__s2,DAC,2
09_73_16__s6,DAC,2
08_14_15__s5,DAC,2
11_26_34__s2,DAC,2
09_65_30__s8,DAC,2
09_46_04__s6,DAC,2
07_40_67__s2,DAC,2
08_21_28__s4,DAC,2
10_06_24__s7,DAC,2
11_29_90__s1,DAC,2
09_65_90__s4,DAC,2
11_67_59__s8,DAC,2
09_04_34__s4,DAC,2
07_28_51__s6,DAC,2
08_35_27__s7,DAC,2
07_29_71__s2,DAC,2
07_21_66__s4,DAC,2
11_57_18__s4,DAC,2
11_42_30__s8,DAC,2
09_54_23__s8,DAC,2
10_11_17__s2,DAC,2
09_53_15__s2,DAC,2
08_30_46__s7,DAC,2
10_61_72__s7,DAC,2
07_14_61__s1,DAC,2
08_42_70__s1,DAC,2
08_27_38__s1,DAC,2
09_57_27__s4,DAC,2
07_70_02__s3,DAC,2
09_76_44__s2,DAC,2
08_82_67__s6,DAC,2
11_50_91__s2,DAC,2
11_37_61__s4,DAC,2
08_80_55__s4,DAC,2
07_92_35__s5,DAC,2
08_16_66__s8,DAC,2
08_34_92__s6,DAC,2
12_06_24__s1,DAC,2
09_24_66__s2,DAC,2
09_42_77__s1,DAC,2
11_04_46__s1,DAC,2
08_93_50__s1,DAC,2
08_30_43__s2,DAC,2
11_94_28__s4,DAC,2
11_90_62__s6,DAC,2
08_83_23__s3,DAC,2
07_81_03__s8,DAC,2
11_78_93__s8,DAC,2
08_42_52__s4,DAC,2
07_83_39__s5,DAC,2
10_06_46__s2,DAC,2
11_52_07__s4,DAC,2
09_65_65__s1,DAC,2
09_30_27__s7,DAC,2
08_07_93__s8,DAC,2
10_45_12__s2,DAC,2
11_77_07__s6,DAC,2
10_80_49__s2,DAC,2
11_15_39__s2,DAC,2
11_78_41__s4,DAC,2
07_65_44__s1,DAC,2
10_10_17__s1,DAC,2
08_10_30__s6,DAC,2
09_53_27__s1,DAC,2
08_38_02__s5,DAC,2
10_83_90__s7,DAC,2
10_71_36__s3,DAC,2
10_66_83__s8,DAC,2
10_71_25__s7,DAC,2
12_43_60__s8,DAC,2
11_72_09__s6,DAC,2
08_89_80__s3,DAC,2
10_16_02__s7,DAC,2
08_14_32__s2,DAC,2
08_64_52__s1,DAC,2
11_92_49__s7,DAC,2
07_83_78__s4,DAC,2
09_33_71__s6,DAC,2
12_24_31__s6,DAC,2
10_30_10__s2,DAC,2
09_88_16__s4,DAC,2
10_23_75__s3,DAC,2
10_35_27__s1,DAC,2
07_42_23__s5,DAC,2
09_02_14__s5,DAC,2
08_07_85__s8,DAC,2
09_78_06__s8,DAC,2
09_51_93__s6,DAC,2
09_45_14__s2,DAC,2
09_39_13__s5,DAC,2
08_91_50__s5,DAC,2
07_59_96__s1,DAC,2
07_34_42__s5,DAC,2
09_11_13__s2,DAC,2
08_08_84__s7,DAC,2
07_78_70__s7,DAC,2
12_56_24__s6,DAC,2
09_91_88__s7,DAC,2
07_20_75__s2,DAC,2
09_58_70__s7,DAC,2
08_76_74__s1,DAC,2
07_62_85__s4,DAC,2
10_89_76__s7,DAC,2
11_66_38__s2,DAC,2
08_52_55__s7,DAC,2
12_17_32__s6,DAC,2
10_28_32__s2,DAC,2
09_26_71__s3,DAC,2
10_18_52__s5,DAC,2
09_88_30__s4,DAC,2
09_12_29__s2,DAC,2
11_60_51__s5,DAC,2
10_66_74__s1,DAC,2
09_80_84__s4,DAC,2
12_47_91__s6,DAC,2
07_44_81__s3,DAC,2
08_84_40__s5,DAC,2
12_72_71__s2,DAC,2
07_30_64__s6,DAC,2
08_51_59__s4,DAC,2
09_88_37__s7,DAC,2
10_87_95__s3,DAC,2
12_13_44__s7,DAC,2
08_17_77__s4,DAC,2
07_21_19__s8,DAC,2
09_81_63__s8,DAC,2
10_43_07__s7,DAC,2
10_25_37__s2,DAC,2
11_43_56__s6,DAC,2
11_64_87__s6,DAC,2
10_29_10__s5,DAC,2
12_54_79__s3,DAC,2
10_22_42__s8,DAC,2
10_15_62__s2,DAC,2
11_58_08__s8,DAC,2
11_62_94__s3,DAC,2
09_50_23__s8,DAC,2
07_41_45__s3,DAC,2
09_20_60__s4,DAC,2
07_39_08__s2,DAC,2
08_56_67__s8,DAC,2
12_34_46__s3,DAC,2
07_70_55__s7,DAC,2
10_49_36__s1,DAC,2
07_81_77__s1,DAC,2
12_32_03__s7,DAC,2
07_61_91__s6,DAC,2
11_40_91__s3,DAC,2
10_87_61__s5,DAC,2
11_18_23__s7,DAC,2
09_05_18__s7,DAC,2
07_79_52__s7,DAC,2
09_39_34__s4,DAC,2
08_55_80__s7,DAC,2
12_87_74__s2,DAC,2
11_93_68__s5,DAC,2
11_75_90__s5,DAC,2
12_88_79__s4,DAC,2
08_07_59__s4,DAC,2
12_03_15__s2,DAC,2
11_55_86__s2,DAC,2
07_58_30__s5,DAC,2
09_07_92__s3,DAC,2
10_29_14__s7,DAC,2
09_90_63__s8,DAC,2
10_70_65__s8,DAC,2
12_21_17__s7,DAC,2
12_32_84__s5,DAC,2
10_92_91__s7,DAC,2
08_16_45__s5,DAC,2
11_38_12__s2,DAC,2
09_33_83__s6,DAC,2
08_27_26__s1,DAC,2
11_93_44__s6,DAC,2
07_20_19__s5,DAC,2
10_57_81__s3,DAC,2
10_10_74__s2,DAC,2
08_61_78__s3,DAC,2
08_87_78__s1,DAC,2
09_01_88__s7,DAC,2
10_08_37__s5,DAC,2
07_90_04__s5,DAC,2
07_09_69__s4,DAC,2
11_94_35__s5,DAC,2
11_47_70__s8,DAC,2
07_32_30__s4,DAC,2
12_10_73__s3,DAC,2
12_46_90__s3,DAC,2
10_13_90__s5,DAC,2
12_04_49__s3,DAC,2
07_17_61__s7,DAC,2
08_32_47__s5,DAC,2
08_08_93__s1,DAC,2
12_35_92__s8,DAC,2
09_64_72__s8,DAC,2
12_66_64__s6,DAC,2
08_33_78__s1,DAC,2
12_56_17__s1,DAC,2
09_43_84__s3,DAC,2
11_01_52__s8,DAC,2
08_96_57__s7,DAC,2
08_62_63__s2,DAC,2
07_41_16__s2,DAC,2
08_10_34__s3,DAC,2
12_90_59__s1,DAC,2
11_38_45__s4,DAC,2
11_09_35__s8,DAC,2
07_72_48__s4,DAC,2
11_92_17__s5,DAC,2
11_28_20__s1,DAC,2
12_40_19__s3,DAC,2
09_16_78__s1,DAC,2
09_35_62__s7,DAC,2
11_31_12__s6,DAC,2
07_87_58__s7,DAC,2
08_64_70__s5,DAC,2
08_64_22__s2,DAC,2
09_62_28__s4,DAC,2
07_34_19__s6,DAC,2
07_66_53__s8,DAC,2
10_28_61__s1,DAC,2
08_25_94__s6,DAC,2
08_34_79__s1,DAC,2
08_90_76__s3,DAC,2
12_93_95__s1,DAC,2
09_49_44__s8,DAC,2
12_74_16__s6,DAC,2
09_19_18__s8,DAC,2
08_28_09__s6,DAC,2
09_29_81__s6,DAC,2
12_66_56__s6,DAC,2
07_52_64__s3,DAC,2
08_55_10__s2,DAC,2
07_60_64__s1,DAC,2
10_36_91__s4,DAC,2
10_42_68__s6,DAC,2
08_94_35__s5,DAC,2
11_19_34__s7,DAC,2
12_33_11__s3,DAC,2
12_10_92__s7,DAC,2
09_79_28__s8,DAC,2
12_45_69__s2,DAC,2
10_68_37__s3,DAC,2
07_73_03__s3,DAC,2
12_67_90__s5,DAC,2
12_92_74__s8,DAC,2
07_11_28__s1,DAC,2
07_35_27__s2,DAC,2
12_39_28__s7,DAC,2
12_46_16__s8,DAC,2
08_51_95__s7,DAC,2
09_30_51__s4,DAC,2
07_18_04__s5,DAC,2
11_47_89__s1,DAC,2
11_68_44__s1,DAC,2
09_22_73__s8,DAC,2
08_68_29__s8,DAC,2
09_10_37__s8,DAC,2
09_49_79__s1,DAC,2
12_82_69__s3,DAC,2
10_93_77__s3,DAC,2
08_65_42__s6,DAC,2
07_09_43__s8,DAC,2
12_94_05__s5,DAC,2
10_77_74__s5,DAC,2
07_18_39__s2,DAC,2
10_57_55__s6,DAC,2
07_10_34__s1,DAC,2
11_70_59__s7,DAC,2
07_28_21__s3,DAC,2
11_89_92__s7,DAC,2
07_81_30__s7,DAC,2
12_19_81__s7,DAC,2
09_64_39__s6,DAC,2
12_42_21__s6,DAC,2
07_53_48__s1,DAC,2
08_63_94__s6,DAC,2
10_59_63__s2,DAC,2
09_25_01__s7,DAC,2
07_80_16__s6,DAC,2
08_23_30__s8,DAC,2
09_87_04__s8,DAC,2
07_92_79__s3,DAC,2
11_19_02__s7,DAC,2
07_80_01__s4,DAC,2
07_25_80__s6,DAC,2
07_69_81__s1,DAC,2
12_04_06__s5,DAC,2
07_59_10__s5,DAC,2
09_10_11__s5,DAC,2
11_50_65__s5,DAC,2
08_06_23__s2,DAC,2
09_41_56__s6,DAC,2
10_41_63__s7,DAC,2
12_21_42__s2,DAC,2
09_59_54__s8,DAC,2
08_72_85__s2,DAC,2
09_88_78__s3,DAC,2
08_10_70__s4,DAC,2
07_27_85__s6,DAC,2
09_83_68__s5,DAC,2
07_59_68__s8,DAC,2
08_77_76__s3,DAC,2
09_41_63__s4,DAC,2
08_38_08__s4,DAC,2
07_11_95__s4,DAC,2
08_26_25__s3,DAC,2
10_44_91__s6,DAC,2
10_38_05__s1,DAC,2
11_25_15__s1,DAC,2
09_30_74__s4,DAC,2
11_80_48__s6,DAC,2
12_31_44__s2,DAC,2
08_46_84__s1,DAC,2
09_93_53__s8,DAC,2
10_23_45__s1,DAC,2
10_57_88__s8,DAC,2
08_64_33__s5,DAC,2
09_81_19__s4,DAC,2
10_28_69__s6,DAC,2
12_49_58__s3,DAC,2
09_87_95__s2,DAC,2
07_91_89__s8,DAC,2
12_85_21__s7,DAC,2
09_13_90__s1,DAC,2
09_31_09__s1,DAC,2
09_85_53__s2,DAC,2
08_63_84__s1,DAC,2
07_20_48__s8,DAC,2
07_74_62__s7,DAC,2
11_35_48__s1,DAC,2
07_55_40__s5,DAC,2
09_23_49__s5,DAC,2
11_42_84__s1,DAC,2
12_45_48__s1,DAC,2
07_15_40__s4,DAC,2
12_11_92__s5,DAC,2
07_82_09__s4,DAC,2
11_81_54__s1,DAC,2
09_75_94__s7,DAC,2
07_04_71__s2,DAC,2
09_76_20__s2,DAC,2
08_28_11__s8,DAC,2
11_10_52__s2,DAC,2
12_89_38__s1,DAC,2
07_10_75__s1,DAC,2
08_70_10__s8,DAC,2
09_66_62__s1,DAC,2
10_43_35__s2,DAC,2
12_75_06__s8,DAC,2
12_29_30__s5,DAC,2
10_96_27__s4,DAC,2
10_55_71__s4,DAC,2
09_84_81__s1,DAC,2
12_66_09__s1,DAC,2
09_17_04__s7,DAC,2
12_66_06__s7,DAC,2
07_69_12__s7,DAC,2
09_15_31__s6,DAC,2
10_84_04__s4,DAC,2
07_27_46__s8,DAC,2
09_36_58__s4,DAC,2
09_21_81__s8,DAC,2
08_92_65__s4,DAC,2
08_44_86__s2,DAC,2
07_02_22__s7,DAC,2
11_70_06__s7,DAC,2
07_16_56__s6,DAC,2
12_23_10__s3,DAC,2
10_84_09__s3,DAC,2
12_06_76__s8,DAC,2
08_09_33__s8,DAC,2
07_53_01__s6,DAC,2
12_34_78__s2,DAC,2
07_14_51__s8,DAC,2
12_77_74__s6,DAC,2
12_44_43__s4,DAC,2
10_30_49__s5,DAC,2
07_57_27__s5,DAC,2
10_42_36__s8,DAC,2
09_04_53__s6,DAC,2
08_92_09__s8,DAC,2
07_22_67__s3,DAC,2
10_95_81__s1,DAC,2
08_65_62__s5,DAC,2
07_06_51__s1,DAC,2
08_26_72__s7,DAC,2
07_26_12__s4,DAC,2
11_85_77__s3,DAC,2
09_27_35__s7,DAC,2
12_60_80__s3,DAC,2
07_29_80__s1,DAC,2
09_03_58__s3,DAC,2
08_86_19__s1,DAC,2
07_61_06__s4,DAC,2
11_28_71__s1,DAC,2
11_63_57__s1,DAC,2
09_28_83__s3,DAC,2
10_08_32__s3,DAC,2
09_60_03__s8,DAC,2
09_86_92__s1,DAC,2
12_16_48__s5,DAC,2
07_10_58__s4,DAC,2
07_28_77__s1,DAC,2
08_10_29__s6,DAC,2
07_33_23__s1,DAC,2
08_78_25__s7,DAC,2
08_61_51__s8,DAC,2
11_54_80__s5,DAC,2
10_48_51__s6,DAC,2
09_20_15__s2,DAC,2
10_54_14__s6,DAC,2
08_73_91__s4,DAC,2
09_47_73__s6,DAC,2
12_93_68__s4,DAC,2
09_55_16__s1,DAC,2
09_82_24__s4,DAC,2
12_51_27__s8,DAC,2
11_76_87__s4,DAC,2
10_10_11__s2,DAC,2
11_21_27__s5,DAC,2
10_54_61__s4,DAC,2
07_51_82__s1,DAC,2
07_47_18__s3,DAC,2
08_64_95__s4,DAC,2
08_07_80__s3,DAC,2
10_82_81__s3,DAC,2
10_25_18__s2,DAC,2
08_24_39__s3,DAC,2
10_49_49__s8,DAC,2
10_38_32__s8,DAC,2
09_36_19__s8,DAC,2
07_26_18__s7,DAC,2
11_27_57__s2,DAC,2
07_46_27__s4,DAC,2
08_49_67__s5,DAC,2
11_05_85__s4,DAC,2
12_34_15__s2,DAC,2
10_43_68__s4,DAC,2
10_82_64__s4,DAC,2
12_55_18__s5,DAC,2
12_90_62__s7,DAC,2
10_95_08__s5,DAC,2
10_07_61__s2,DAC,2
11_26_85__s8,DAC,2
07_67_77__s6,DAC,2
12_49_54__s2,DAC,2
12_56_26__s2,DAC,2
09_34_17__s5,DAC,2
09_14_64__s4,DAC,2
09_17_64__s5,DAC,2
12_31_53__s7,DAC,2
09_54_77__s1,DAC,2
12_43_57__s1,DAC,2
09_15_30__s8,DAC,2
12_45_02__s5,DAC,2
08_23_01__s3,DAC,2
12_41_32__s7,DAC,2
10_54_55__s2,DAC,2
11_77_69__s4,DAC,2
12_75_75__s2,DAC,2
11_45_92__s5,DAC,2
12_35_25__s7,DAC,2
09_33_49__s3,DAC,2
07_38_59__s6,DAC,2
09_04_54__s7,DAC,2
09_93_76__s3,DAC,2
10_09_91__s2,DAC,2
12_59_92__s7,DAC,2
07_40_81__s6,DAC,2
09_88_40__s7,DAC,2
08_44_15__s6,DAC,2
08_42_79__s7,DAC,2
11_56_71__s7,DAC,2
10_79_46__s4,DAC,2
10_29_30__s1,DAC,2
08_87_89__s8,DAC,2
10_33_85__s4,DAC,2
07_25_77__s6,DAC,2
08_25_09__s5,DAC,2
07_26_95__s4,DAC,2
11_61_96__s8,DAC,2
07_34_06__s6,DAC,2
09_17_20__s2,DAC,2
08_15_20__s6,DAC,2
09_43_15__s1,DAC,2
09_73_07__s6,DAC,2
11_41_91__s4,DAC,2
07_18_12__s6,DAC,2
08_27_30__s6,DAC,2
12_82_83__s1,DAC,2
07_38_41__s8,DAC,2
07_43_37__s7,DAC,2
07_95_20__s3,DAC,2
12_62_86__s4,DAC,2
08_94_14__s1,DAC,2
09_24_80__s7,DAC,2
11_64_14__s4,DAC,2
11_49_43__s7,DAC,2
07_81_42__s7,DAC,2
10_65_04__s5,DAC,2
10_54_38__s4,DAC,2
12_44_05__s6,DAC,2
12_47_16__s1,DAC,2
07_82_01__s4,DAC,2
10_52_62__s2,DAC,2
10_60_23__s8,DAC,2
09_22_21__s2,DAC,2
11_79_62__s2,DAC,2
12_78_44__s8,DAC,2
09_61_21__s1,DAC,2
08_90_42__s2,DAC,2
08_19_15__s3,DAC,2
12_75_11__s3,DAC,2
09_18_29__s8,DAC,2
07_45_37__s3,DAC,2
12_88_90__s1,DAC,2
10_60_03__s2,DAC,2
07_04_96__s2,DAC,2
09_02_12__s1,DAC,2
10_82_63__s7,DAC,2
12_14_73__s4,DAC,2
09_15_29__s8,DAC,2
12_51_86__s8,DAC,2
08_75_47__s7,DAC,2
08_40_50__s4,DAC,2
11_71_36__s4,DAC,2
10_26_28__s5,DAC,2
08_53_78__s5,DAC,2
12_14_93__s4,DAC,2
12_88_19__s2,DAC,2
12_07_54__s6,DAC,2
08_94_20__s5,DAC,2
07_07_52__s4,DAC,2
08_52_09__s4,DAC,2
08_32_93__s6,DAC,2
09_52_28__s1,DAC,2
08_18_05__s6,DAC,2
08_72_67__s4,DAC,2
08_22_42__s1,DAC,2
12_06_18__s4,DAC,2
12_01_40__s6,DAC,2
09_39_69__s1,DAC,2
10_57_43__s1,DAC,2
11_80_54__s1,DAC,2
08_07_15__s2,DAC,2
09_46_76__s8,DAC,2
12_62_88__s5,DAC,2
08_37_19__s4,DAC,2
09_91_45__s4,DAC,2
11_48_41__s4,DAC,2
12_14_13__s8,DAC,2
08_29_71__s7,DAC,2
08_65_86__s4,DAC,2
07_77_20__s4,DAC,2
12_30_27__s3,DAC,2
11_57_60__s8,DAC,2
07_61_09__s3,DAC,2
08_18_60__s4,DAC,2
09_32_43__s2,DAC,2
12_24_61__s1,DAC,2
12_63_27__s6,DAC,2
12_01_23__s7,DAC,2
12_28_58__s6,DAC,2
10_55_19__s6,DAC,2
09_40_18__s2,DAC,2
12_07_60__s5,DAC,2
09_91_96__s1,DAC,2
11_85_20__s1,DAC,2
11_79_06__s5,DAC,2
10_36_71__s1,DAC,2
11_87_44__s7,DAC,2
12_21_94__s6,DAC,2
12_06_39__s7,DAC,2
07_92_01__s5,DAC,2
08_07_24__s1,DAC,2
07_82_77__s1,DAC,2
11_55_60__s2,DAC,2
12_95_37__s3,DAC,2
09_24_55__s7,DAC,2
08_92_63__s6,DAC,2
08_36_52__s7,DAC,2
10_94_91__s2,DAC,2
10_58_32__s4,DAC,2
11_09_32__s7,DAC,2
08_14_51__s1,DAC,2
11_32_47__s2,DAC,2
10_26_91__s6,DAC,2
08_71_59__s5,DAC,2
11_14_69__s8,DAC,2
09_07_81__s3,DAC,2
07_49_81__s3,DAC,2
08_19_37__s2,DAC,2
09_11_91__s4,DAC,2
10_49_21__s5,DAC,2
08_03_43__s6,DAC,2
09_29_61__s6,DAC,2
07_34_26__s6,DAC,2
12_15_88__s5,DAC,2
07_86_14__s2,DAC,2
12_51_67__s8,DAC,2
11_22_62__s5,DAC,2
07_94_60__s6,DAC,2
12_16_17__s3,DAC,2
08_18_64__s1,DAC,2
09_91_93__s1,DAC,2
08_85_12__s4,DAC,2
10_61_69__s4,DAC,2
08_53_53__s6,DAC,2
08_06_22__s1,DAC,2
11_94_79__s1,DAC,2
12_66_15__s2,DAC,2
10_81_20__s3,DAC,2
10_34_38__s1,DAC,2
09_94_08__s5,DAC,2
12_52_07__s8,DAC,2
10_39_42__s2,DAC,2
09_03_72__s4,DAC,2
08_36_55__s3,DAC,2
08_35_69__s2,DAC,2
10_16_36__s2,DAC,2
12_08_34__s5,DAC,2
11_39_60__s7,DAC,2
09_02_52__s1,DAC,2
10_89_24__s5,DAC,2
08_68_84__s6,DAC,2
10_53_93__s1,DAC,2
11_20_37__s5,DAC,2
12_28_93__s3,DAC,2
10_03_72__s2,DAC,2
09_80_92__s8,DAC,2
11_26_71__s5,DAC,2
11_11_37__s5,DAC,2
11_64_43__s3,DAC,2
07_92_86__s4,DAC,2
08_15_01__s4,DAC,2
09_67_67__s5,DAC,2
10_62_28__s8,DAC,2
10_31_80__s1,DAC,2
11_76_04__s2,DAC,2
10_42_63__s3,DAC,2
12_23_03__s1,DAC,2
12_59_76__s1,DAC,2
12_74_52__s4,DAC,2
07_81_60__s7,DAC,2
09_80_05__s5,DAC,2
10_09_19__s3,DAC,2
08_47_94__s2,DAC,2
11_11_06__s7,DAC,2
11_74_57__s1,DAC,2
10_15_90__s4,DAC,2
08_23_45__s8,DAC,2
08_23_46__s5,DAC,2
12_90_28__s2,DAC,2
12_61_54__s1,DAC,2
10_78_68__s8,DAC,2
08_39_89__s5,DAC,2
09_16_65__s3,DAC,2
07_16_69__s4,DAC,2
10_24_42__s5,DAC,2
09_13_80__s3,DAC,2
08_68_58__s1,DAC,2
11_70_79__s2,DAC,2
10_19_31__s3,DAC,2
10_38_02__s1,DAC,2
11_29_72__s2,DAC,2
10_16_37__s8,DAC,2
07_51_12__s8,DAC,2
12_21_56__s3,DAC,2
07_25_69__s5,DAC,2
09_01_81__s3,DAC,2
12_41_08__s4,DAC,2
10_58_34__s8,DAC,2
09_09_75__s8,DAC,2
09_55_83__s2,DAC,2
12_87_54__s5,DAC,2
10_75_68__s2,DAC,2
10_21_46__s3,DAC,2
12_88_81__s2,DAC,2
11_37_56__s4,DAC,2
09_95_17__s5,DAC,2
10_63_34__s3,DAC,2
12_91_61__s2,DAC,2
09_48_62__s8,DAC,2
10_47_78__s1,DAC,2
12_45_08__s4,DAC,2
10_80_43__s4,DAC,2
07_88_69__s1,DAC,2
07_24_74__s1,DAC,2
10_91_92__s8,DAC,2
12_44_49__s3,DAC,2
11_36_57__s6,DAC,2
09_50_51__s4,DAC,2
08_58_81__s7,DAC,2
11_67_50__s1,DAC,2
10_07_34__s8,DAC,2
11_38_48__s8,DAC,2
07_96_11__s5,DAC,2
10_67_71__s5,DAC,2
10_45_58__s6,DAC,2
07_43_13__s6,DAC,2
08_29_23__s8,DAC,2
10_23_14__s8,DAC,2
12_20_63__s7,DAC,2
10_34_36__s2,DAC,2
09_45_69__s5,DAC,2
10_55_58__s7,DAC,2
11_78_39__s8,DAC,2
07_85_48__s3,DAC,2
11_22_37__s6,DAC,2
08_88_10__s2,DAC,2
10_23_92__s5,DAC,2
09_74_61__s5,DAC,2
12_82_08__s4,DAC,2
11_25_50__s6,DAC,2
09_70_62__s6,DAC,2
11_85_96__s6,DAC,2
09_83_86__s4,DAC,2
09_19_08__s8,DAC,2
07_73_33__s1,DAC,2
07_62_36__s4,DAC,2
11_50_11__s6,DAC,2
12_48_18__s7,DAC,2
12_74_12__s3,DAC,2
12_07_92__s1,DAC,2
07_54_94__s1,DAC,2
10_12_23__s5,DAC,2
07_85_32__s6,DAC,2
12_65_32__s4,DAC,2
09_39_13__s7,DAC,2
22_52_47__s8,Combination,3
22_49_84__s7,Combination,3
19_90_73__s4,Combination,3
23_30_91__s1,Combination,3
19_22_51__s8,Combination,3
22_02_80__s5,Combination,3
19_19_48__s8,Combination,3
22_20_38__s2,Combination,3
24_85_75__s1,Combination,3
23_78_76__s2,Combination,3
23_90_40__s1,Combination,3
20_15_44__s5,Combination,3
22_03_33__s3,Combination,3
19_06_27__s3,Combination,3
21_30_24__s2,Combination,3
21_28_44__s5,Combination,3
21_21_78__s6,Combination,3
23_71_77__s8,Combination,3
19_11_53__s6,Combination,3
24_67_61__s1,Combination,3
23_58_16__s4,Combination,3
24_75_90__s3,Combination,3
21_09_29__s4,Combination,3
22_73_46__s6,Combination,3
20_72_91__s4,Combination,3
24_69_12__s8,Combination,3
21_70_23__s1,Combination,3
23_63_66__s4,Combination,3
24_32_68__s2,Combination,3
22_27_33__s2,Combination,3
19_70_20__s6,Combination,3
21_80_11__s8,Combination,3
19_78_94__s2,Combination,3
23_46_48__s1,Combination,3
21_10_79__s7,Combination,3
20_08_56__s3,Combination,3
24_47_17__s3,Combination,3
20_22_23__s8,Combination,3
21_88_02__s8,Combination,3
22_67_78__s4,Combination,3
22_26_54__s1,Combination,3
19_43_41__s4,Combination,3
24_94_28__s8,Combination,3
20_58_21__s2,Combination,3
22_21_87__s5,Combination,3
19_17_94__s7,Combination,3
21_68_42__s5,Combination,3
23_41_49__s3,Combination,3
23_22_34__s6,Combination,3
22_43_15__s6,Combination,3
19_32_02__s7,Combination,3
20_69_16__s8,Combination,3
21_28_79__s7,Combination,3
23_39_21__s8,Combination,3
21_62_67__s4,Combination,3
20_13_15__s4,Combination,3
22_08_59__s8,Combination,3
24_40_41__s3,Combination,3
24_67_81__s6,Combination,3
24_53_91__s6,Combination,3
19_19_73__s1,Combination,3
20_71_66__s8,Combination,3
20_33_85__s7,Combination,3
21_73_37__s4,Combination,3
23_25_72__s8,Combination,3
19_17_29__s7,Combination,3
22_24_25__s3,Combination,3
24_59_20__s7,Combination,3
24_44_56__s1,Combination,3
20_63_54__s1,Combination,3
19_07_19__s6,Combination,3
20_30_45__s1,Combination,3
20_87_14__s1,Combination,3
21_28_76__s5,Combination,3
24_88_37__s2,Combination,3
19_51_93__s1,Combination,3
22_03_59__s2,Combination,3
20_69_52__s1,Combination,3
24_29_88__s8,Combination,3
23_55_29__s7,Combination,3
23_71_29__s4,Combination,3
21_48_94__s6,Combination,3
19_16_37__s3,Combination,3
21_88_58__s4,Combination,3
23_88_13__s8,Combination,3
19_23_29__s2,Combination,3
24_11_95__s7,Combination,3
22_16_03__s5,Combination,3
22_50_31__s3,Combination,3
24_69_29__s4,Combination,3
22_20_68__s4,Combination,3
20_42_24__s1,Combination,3
20_02_82__s3,Combination,3
24_46_80__s7,Combination,3
20_08_28__s6,Combination,3
21_29_79__s3,Combination,3
19_33_23__s8,Combination,3
19_58_68__s3,Combination,3
20_94_19__s1,Combination,3
20_65_50__s7,Combination,3
24_04_44__s2,Combination,3
22_32_36__s5,Combination,3
20_46_04__s8,Combination,3
20_68_94__s5,Combination,3
22_76_47__s8,Combination,3
20_13_71__s7,Combination,3
20_61_13__s1,Combination,3
21_47_68__s5,Combination,3
21_60_84__s8,Combination,3
23_26_09__s5,Combination,3
24_51_55__s1,Combination,3
20_91_32__s2,Combination,3
20_41_25__s6,Combination,3
23_71_42__s4,Combination,3
24_73_58__s1,Combination,3
20_10_79__s4,Combination,3
24_40_29__s6,Combination,3
22_28_76__s2,Combination,3
21_34_57__s6,Combination,3
22_29_22__s3,Combination,3
19_18_41__s2,Combination,3
24_23_93__s2,Combination,3
22_01_71__s7,Combination,3
22_15_44__s7,Combination,3
20_46_13__s3,Combination,3
22_22_16__s7,Combination,3
22_11_55__s4,Combination,3
23_35_61__s3,Combination,3
20_33_19__s8,Combination,3
19_65_50__s4,Combination,3
23_93_59__s7,Combination,3
21_68_17__s6,Combination,3
19_04_41__s3,Combination,3
22_95_22__s5,Combination,3
19_61_35__s3,Combination,3
23_01_38__s5,Combination,3
20_84_72__s6,Combination,3
21_92_87__s1,Combination,3
22_08_09__s1,Combination,3
23_91_71__s1,Combination,3
22_17_07__s1,Combination,3
21_86_72__s6,Combination,3
19_78_64__s2,Combination,3
23_17_48__s7,Combination,3
23_02_78__s4,Combination,3
23_37_96__s8,Combination,3
24_15_82__s1,Combination,3
22_68_73__s5,Combination,3
20_50_59__s2,Combination,3
19_81_09__s5,Combination,3
22_15_38__s1,Combination,3
24_11_11__s2,Combination,3
19_76_29__s4,Combination,3
19_30_39__s6,Combination,3
19_74_16__s6,Combination,3
23_62_11__s2,Combination,3
22_64_81__s7,Combination,3
22_39_69__s3,Combination,3
23_58_02__s5,Combination,3
19_36_07__s7,Combination,3
21_35_42__s8,Combination,3
21_33_09__s7,Combination,3
20_19_76__s3,Combination,3
19_88_84__s3,Combination,3
21_56_44__s5,Combination,3
22_42_70__s8,Combination,3
20_37_32__s7,Combination,3
22_32_81__s1,Combination,3
24_04_82__s3,Combination,3
19_76_85__s1,Combination,3
23_80_28__s1,Combination,3
19_73_30__s5,Combination,3
22_09_31__s1,Combination,3
22_79_77__s3,Combination,3
21_16_95__s4,Combination,3
21_83_23__s2,Combination,3
21_22_26__s7,Combination,3
22_39_77__s8,Combination,3
20_63_57__s8,Combination,3
21_18_39__s3,Combination,3
19_56_79__s2,Combination,3
19_57_35__s4,Combination,3
19_70_43__s4,Combination,3
22_72_25__s4,Combination,3
20_46_71__s3,Combination,3
19_95_49__s8,Combination,3
23_66_60__s3,Combination,3
22_03_30__s2,Combination,3
21_14_19__s5,Combination,3
23_33_73__s8,Combination,3
20_54_02__s5,Combination,3
22_85_71__s3,Combination,3
21_86_48__s8,Combination,3
21_37_39__s2,Combination,3
19_50_47__s2,Combination,3
20_50_88__s1,Combination,3
21_70_50__s2,Combination,3
23_34_69__s5,Combination,3
24_04_62__s5,Combination,3
23_13_40__s3,Combination,3
22_37_71__s1,Combination,3
24_14_91__s3,Combination,3
20_02_59__s6,Combination,3
21_03_20__s3,Combination,3
24_01_56__s6,Combination,3
24_91_43__s7,Combination,3
24_62_74__s1,Combination,3
22_12_59__s7,Combination,3
23_83_54__s6,Combination,3
19_67_31__s1,Combination,3
22_11_19__s2,Combination,3
22_54_12__s3,Combination,3
23_63_39__s3,Combination,3
24_26_47__s6,Combination,3
19_80_82__s7,Combination,3
20_52_78__s5,Combination,3
22_13_67__s4,Combination,3
22_05_13__s3,Combination,3
24_12_51__s8,Combination,3
20_18_39__s1,Combination,3
19_45_11__s7,Combination,3
20_57_54__s1,Combination,3
23_55_87__s8,Combination,3
23_20_03__s2,Combination,3
21_79_08__s5,Combination,3
21_11_60__s2,Combination,3
21_56_42__s7,Combination,3
20_17_69__s2,Combination,3
23_15_93__s2,Combination,3
24_65_48__s2,Combination,3
21_62_84__s8,Combination,3
20_25_22__s7,Combination,3
22_51_76__s2,Combination,3
24_19_83__s4,Combination,3
23_91_18__s7,Combination,3
22_34_81__s8,Combination,3
21_16_54__s2,Combination,3
21_49_86__s4,Combination,3
19_16_73__s6,Combination,3
23_07_47__s1,Combination,3
20_83_95__s3,Combination,3
22_03_32__s7,Combination,3
24_28_26__s2,Combination,3
19_76_91__s5,Combination,3
24_47_25__s8,Combination,3
20_05_27__s7,Combination,3
20_76_32__s8,Combination,3
20_02_89__s8,Combination,3
24_71_06__s1,Combination,3
22_72_47__s8,Combination,3
19_25_52__s5,Combination,3
20_62_43__s1,Combination,3
19_62_83__s8,Combination,3
19_13_18__s5,Combination,3
21_15_23__s6,Combination,3
21_37_39__s4,Combination,3
21_45_01__s7,Combination,3
24_70_66__s2,Combination,3
24_14_96__s7,Combination,3
24_29_93__s3,Combination,3
21_54_62__s6,Combination,3
21_56_12__s1,Combination,3
20_49_70__s2,Combination,3
24_09_21__s2,Combination,3
21_03_57__s5,Combination,3
23_04_67__s5,Combination,3
24_53_66__s3,Combination,3
22_60_34__s8,Combination,3
21_71_85__s2,Combination,3
20_90_36__s3,Combination,3
21_18_43__s5,Combination,3
23_05_65__s3,Combination,3
23_81_76__s6,Combination,3
20_08_21__s5,Combination,3
20_17_56__s5,Combination,3
22_17_60__s1,Combination,3
24_23_83__s3,Combination,3
20_77_36__s5,Combination,3
19_22_80__s4,Combination,3
22_18_53__s3,Combination,3
19_70_83__s3,Combination,3
20_47_90__s3,Combination,3
24_89_53__s6,Combination,3
22_96_92__s6,Combination,3
22_90_48__s8,Combination,3
24_62_30__s1,Combination,3
19_71_52__s5,Combination,3
19_75_22__s1,Combination,3
20_77_05__s2,Combination,3
19_02_46__s3,Combination,3
19_02_32__s7,Combination,3
21_88_79__s5,Combination,3
24_33_69__s1,Combination,3
19_76_06__s4,Combination,3
20_77_82__s1,Combination,3
21_23_08__s8,Combination,3
20_54_91__s5,Combination,3
21_69_15__s2,Combination,3
20_03_83__s2,Combination,3
21_76_24__s2,Combination,3
21_60_54__s7,Combination,3
24_16_19__s5,Combination,3
19_91_15__s1,Combination,3
24_59_37__s6,Combination,3
22_74_17__s5,Combination,3
24_16_53__s7,Combination,3
22_26_49__s7,Combination,3
24_03_61__s4,Combination,3
19_13_49__s2,Combination,3
24_59_01__s4,Combination,3
20_64_48__s1,Combination,3
20_59_33__s3,Combination,3
23_66_20__s8,Combination,3
22_73_51__s3,Combination,3
23_48_64__s2,Combination,3
23_75_42__s8,Combination,3
23_44_08__s1,Combination,3
19_09_79__s1,Combination,3
20_04_58__s3,Combination,3
19_20_91__s2,Combination,3
20_36_19__s2,Combination,3
22_77_36__s3,Combination,3
21_40_58__s8,Combination,3
24_62_68__s8,Combination,3
24_02_44__s5,Combination,3
20_27_83__s4,Combination,3
19_58_91__s4,Combination,3
19_64_75__s4,Combination,3
22_27_78__s1,Combination,3
22_64_47__s7,Combination,3
21_30_22__s2,Combination,3
19_61_69__s6,Combination,3
22_57_75__s3,Combination,3
24_56_90__s2,Combination,3
24_57_82__s8,Combination,3
21_01_38__s1,Combination,3
23_15_47__s3,Combination,3
24_35_15__s2,Combination,3
19_21_73__s2,Combination,3
20_27_65__s5,Combination,3
22_19_16__s2,Combination,3
22_21_71__s1,Combination,3
23_36_16__s3,Combination,3
19_65_03__s8,Combination,3
19_46_05__s6,Combination,3
21_55_90__s1,Combination,3
23_27_46__s6,Combination,3
24_01_55__s6,Combination,3
19_16_60__s5,Combination,3
24_55_78__s5,Combination,3
20_17_13__s3,Combination,3
20_73_13__s7,Combination,3
21_21_88__s1,Combination,3
22_07_60__s5,Combination,3
20_04_36__s1,Combination,3
23_18_45__s3,Combination,3
23_07_95__s8,Combination,3
20_62_81__s6,Combination,3
22_88_26__s1,Combination,3
20_15_20__s5,Combination,3
22_74_33__s2,Combination,3
21_83_33__s8,Combination,3
23_32_28__s1,Combination,3
22_15_05__s7,Combination,3
22_82_20__s6,Combination,3
22_18_92__s8,Combination,3
19_74_28__s3,Combination,3
24_52_06__s6,Combination,3
24_40_33__s3,Combination,3
21_10_55__s8,Combination,3
21_91_42__s7,Combination,3
21_50_96__s2,Combination,3
23_34_13__s2,Combination,3
20_91_23__s6,Combination,3
23_45_08__s4,Combination,3
19_52_47__s3,Combination,3
24_10_38__s3,Combination,3
24_08_04__s1,Combination,3
23_69_46__s7,Combination,3
20_19_20__s7,Combination,3
19_27_94__s1,Combination,3
23_94_37__s2,Combination,3
21_06_22__s1,Combination,3
23_29_51__s1,Combination,3
19_93_68__s3,Combination,3
21_96_46__s1,Combination,3
22_80_80__s1,Combination,3
24_77_51__s6,Combination,3
22_96_68__s7,Combination,3
21_87_66__s1,Combination,3
24_40_62__s8,Combination,3
19_42_89__s8,Combination,3
19_47_38__s1,Combination,3
19_61_89__s3,Combination,3
20_54_64__s6,Combination,3
20_88_20__s4,Combination,3
21_08_37__s4,Combination,3
23_52_85__s1,Combination,3
24_16_71__s8,Combination,3
22_64_52__s8,Combination,3
24_25_80__s3,Combination,3
23_57_91__s1,Combination,3
22_30_73__s7,Combination,3
19_69_67__s8,Combination,3
22_85_63__s5,Combination,3
19_05_04__s4,Combination,3
23_59_65__s8,Combination,3
24_18_52__s7,Combination,3
23_23_74__s7,Combination,3
20_49_74__s1,Combination,3
22_21_75__s3,Combination,3
20_51_83__s4,Combination,3
21_36_50__s7,Combination,3
20_70_64__s2,Combination,3
19_24_72__s2,Combination,3
20_49_92__s6,Combination,3
24_51_07__s2,Combination,3
22_31_81__s3,Combination,3
22_66_18__s8,Combination,3
20_61_32__s5,Combination,3
20_13_37__s3,Combination,3
21_21_56__s2,Combination,3
21_45_19__s5,Combination,3
21_60_43__s5,Combination,3
22_38_13__s2,Combination,3
20_17_92__s4,Combination,3
21_11_50__s1,Combination,3
19_16_94__s2,Combination,3
21_34_49__s1,Combination,3
23_91_23__s4,Combination,3
22_27_09__s5,Combination,3
20_25_30__s2,Combination,3
20_66_34__s4,Combination,3
20_59_05__s6,Combination,3
21_09_75__s1,Combination,3
24_92_32__s5,Combination,3
19_26_08__s6,Combination,3
19_69_89__s4,Combination,3
21_34_95__s7,Combination,3
19_72_13__s5,Combination,3
22_32_52__s1,Combination,3
23_61_70__s4,Combination,3
21_07_10__s2,Combination,3
24_45_20__s5,Combination,3
19_42_21__s5,Combination,3
22_20_01__s6,Combination,3
20_63_65__s7,Combination,3
22_59_78__s3,Combination,3
20_08_45__s5,Combination,3
22_75_19__s8,Combination,3
19_65_46__s4,Combination,3
19_45_75__s5,Combination,3
22_85_80__s6,Combination,3
20_09_59__s4,Combination,3
20_94_31__s1,Combination,3
21_68_79__s3,Combination,3
22_74_35__s4,Combination,3
23_34_28__s5,Combination,3
19_56_69__s2,Combination,3
20_04_75__s2,Combination,3
21_17_39__s1,Combination,3
23_95_82__s6,Combination,3
21_44_45__s3,Combination,3
24_16_13__s2,Combination,3
19_66_34__s3,Combination,3
22_77_28__s8,Combination,3
22_48_07__s2,Combination,3
20_14_71__s1,Combination,3
23_90_19__s2,Combination,3
19_78_15__s3,Combination,3
22_31_52__s3,Combination,3
21_95_48__s3,Combination,3
20_65_65__s4,Combination,3
19_60_80__s7,Combination,3
23_86_23__s4,Combination,3
20_55_80__s3,Combination,3
21_43_09__s3,Combination,3
19_67_91__s4,Combination,3
19_41_86__s1,Combination,3
23_21_32__s6,Combination,3
22_37_34__s5,Combination,3
21_19_44__s6,Combination,3
23_78_48__s8,Combination,3
22_96_68__s2,Combination,3
23_31_42__s4,Combination,3
23_95_95__s6,Combination,3
23_50_20__s6,Combination,3
19_30_62__s4,Combination,3
21_77_09__s7,Combination,3
21_86_04__s2,Combination,3
19_43_83__s4,Combination,3
22_93_29__s1,Combination,3
22_68_94__s4,Combination,3
22_77_40__s7,Combination,3
21_02_51__s5,Combination,3
23_91_52__s2,Combination,3
22_77_30__s4,Combination,3
22_27_91__s5,Combination,3
22_10_67__s2,Combination,3
22_94_88__s3,Combination,3
23_61_41__s5,Combination,3
21_59_79__s3,Combination,3
20_53_23__s6,Combination,3
21_24_84__s8,Combination,3
23_96_12__s1,Combination,3
19_15_94__s4,Combination,3
21_70_70__s1,Combination,3
23_96_39__s8,Combination,3
24_14_48__s3,Combination,3
24_58_20__s4,Combination,3
23_40_60__s6,Combination,3
21_13_92__s6,Combination,3
22_52_28__s8,Combination,3
23_77_59__s7,Combination,3
24_63_02__s8,Combination,3
23_83_91__s3,Combination,3
19_64_29__s8,Combination,3
20_80_45__s2,Combination,3
20_70_65__s6,Combination,3
23_53_23__s4,Combination,3
23_42_56__s1,Combination,3
24_28_22__s1,Combination,3
22_68_39__s1,Combination,3
19_25_41__s7,Combination,3
24_40_31__s8,Combination,3
20_02_79__s8,Combination,3
24_52_57__s8,Combination,3
24_41_09__s7,Combination,3
19_82_27__s5,Combination,3
20_49_58__s8,Combination,3
24_58_08__s2,Combination,3
24_09_10__s2,Combination,3
20_55_74__s4,Combination,3
24_55_20__s2,Combination,3
23_92_47__s4,Combination,3
21_36_93__s7,Combination,3
22_29_31__s7,Combination,3
21_01_73__s5,Combination,3
21_46_94__s6,Combination,3
21_14_91__s7,Combination,3
20_75_49__s8,Combination,3
19_48_06__s4,Combination,3
19_47_10__s3,Combination,3
20_04_23__s7,Combination,3
19_93_19__s4,Combination,3
22_65_36__s5,Combination,3
21_13_67__s4,Combination,3
21_93_47__s5,Combination,3
20_74_10__s4,Combination,3
24_40_44__s3,Combination,3
22_52_93__s1,Combination,3
19_13_81__s3,Combination,3
23_23_72__s3,Combination,3
20_22_38__s2,Combination,3
20_92_59__s6,Combination,3
19_11_48__s6,Combination,3
21_06_52__s5,Combination,3
19_92_30__s3,Combination,3
20_37_49__s8,Combination,3
21_28_55__s2,Combination,3
22_56_31__s3,Combination,3
19_52_70__s4,Combination,3
19_39_22__s8,Combination,3
20_06_02__s5,Combination,3
19_67_23__s3,Combination,3
20_17_94__s6,Combination,3
20_90_34__s8,Combination,3
24_89_41__s4,Combination,3
24_20_62__s2,Combination,3
19_09_10__s8,Combination,3
19_16_06__s1,Combination,3
20_53_86__s6,Combination,3
21_42_67__s2,Combination,3
19_07_84__s6,Combination,3
23_56_11__s7,Combination,3
22_75_86__s1,Combination,3
21_81_04__s8,Combination,3
21_83_55__s4,Combination,3
22_62_82__s3,Combination,3
20_48_92__s6,Combination,3
24_68_59__s6,Combination,3
24_92_14__s1,Combination,3
19_43_33__s6,Combination,3
24_43_91__s5,Combination,3
20_07_62__s2,Combination,3
21_41_29__s2,Combination,3
20_69_67__s7,Combination,3
24_25_19__s1,Combination,3
24_34_70__s3,Combination,3
24_34_58__s2,Combination,3
19_71_82__s4,Combination,3
19_16_42__s8,Combination,3
22_08_88__s7,Combination,3
21_25_48__s8,Combination,3
23_40_84__s6,Combination,3
24_32_29__s7,Combination,3
24_48_48__s1,Combination,3
23_15_78__s1,Combination,3
22_15_08__s5,Combination,3
24_35_25__s4,Combination,3
21_10_47__s2,Combination,3
24_55_70__s3,Combination,3
24_56_02__s8,Combination,3
19_78_05__s8,Combination,3
22_15_32__s5,Combination,3
22_83_25__s3,Combination,3
21_10_07__s8,Combination,3
22_77_31__s8,Combination,3
19_88_47__s4,Combination,3
19_54_37__s8,Combination,3
24_47_82__s3,Combination,3
22_87_69__s3,Combination,3
23_46_54__s1,Combination,3
21_34_11__s5,Combination,3
20_75_68__s6,Combination,3
22_42_90__s7,Combination,3
19_22_59__s6,Combination,3
22_08_95__s5,Combination,3
21_67_27__s5,Combination,3
20_87_35__s4,Combination,3
22_46_18__s8,Combination,3
22_65_57__s3,Combination,3
21_27_23__s2,Combination,3
20_31_61__s7,Combination,3
24_80_30__s5,Combination,3
22_96_28__s3,Combination,3
24_50_94__s7,Combination,3
19_92_73__s5,Combination,3
20_69_28__s8,Combination,3
21_01_92__s7,Combination,3
23_34_54__s7,Combination,3
21_21_08__s8,Combination,3
19_40_05__s8,Combination,3
21_44_10__s2,Combination,3
19_30_66__s5,Combination,3
19_55_73__s7,Combination,3
22_48_64__s1,Combination,3
21_47_70__s8,Combination,3
23_04_27__s6,Combination,3
19_88_18__s7,Combination,3
20_35_19__s7,Combination,3
24_64_40__s4,Combination,3
19_14_76__s5,Combination,3
19_37_65__s5,Combination,3
21_96_58__s8,Combination,3
22_26_36__s5,Combination,3
22_43_70__s2,Combination,3
23_76_95__s8,Combination,3
22_69_66__s4,Combination,3
19_31_34__s7,Combination,3
19_40_89__s1,Combination,3
21_73_53__s8,Combination,3
22_76_70__s3,Combination,3
23_68_74__s4,Combination,3
21_96_55__s8,Combination,3
20_71_07__s2,Combination,3
20_42_47__s5,Combination,3
23_60_85__s3,Combination,3
19_41_91__s4,Combination,3
23_04_44__s7,Combination,3
21_37_28__s3,Combination,3
20_76_32__s4,Combination,3
21_45_43__s1,Combination,3
24_35_34__s5,Combination,3
23_39_47__s4,Combination,3
23_27_90__s1,Combination,3
20_80_84__s1,Combination,3
20_10_44__s4,Combination,3
21_43_48__s8,Combination,3
21_96_22__s6,Combination,3
24_23_08__s6,Combination,3
19_79_82__s6,Combination,3
23_18_12__s7,Combination,3
19_20_01__s3,Combination,3
24_40_45__s3,Combination,3
20_72_05__s3,Combination,3
23_64_70__s8,Combination,3
20_06_74__s2,Combination,3
23_58_95__s3,Combination,3
23_57_53__s2,Combination,3
23_40_41__s5,Combination,3
24_89_31__s7,Combination,3
19_46_21__s1,Combination,3
24_22_07__s6,Combination,3
24_66_84__s6,Combination,3
24_69_95__s5,Combination,3
19_86_60__s7,Combination,3
20_92_17__s8,Combination,3
23_85_64__s7,Combination,3
22_05_31__s8,Combination,3
20_51_34__s2,Combination,3
22_31_48__s2,Combination,3
21_69_25__s1,Combination,3
20_62_12__s2,Combination,3
24_88_37__s5,Combination,3
22_40_54__s4,Combination,3
20_27_44__s3,Combination,3
24_64_74__s3,Combination,3
23_78_12__s3,Combination,3
20_26_39__s5,Combination,3
22_41_50__s1,Combination,3
23_10_71__s3,Combination,3
22_37_96__s7,Combination,3
22_42_37__s5,Combination,3
23_05_37__s4,Combination,3
19_59_93__s3,Combination,3
20_75_94__s3,Combination,3
19_49_95__s2,Combination,3
23_68_91__s8,Combination,3
21_89_63__s8,Combination,3
22_81_59__s7,Combination,3
21_70_47__s4,Combination,3
21_68_19__s8,Combination,3
22_05_93__s2,Combination,3
22_18_86__s3,Combination,3
20_19_51__s1,Combination,3
19_67_62__s3,Combination,3
21_14_47__s3,Combination,3
22_54_39__s6,Combination,3
22_63_27__s4,Combination,3
20_21_42__s4,Combination,3
21_19_10__s3,Combination,3
19_91_94__s2,Combination,3
24_29_46__s1,Combination,3
22_48_40__s2,Combination,3
23_11_29__s8,Combination,3
19_70_90__s3,Combination,3
20_15_88__s3,Combination,3
24_70_17__s6,Combination,3
24_39_03__s1,Combination,3
22_93_84__s5,Combination,3
24_11_35__s7,Combination,3
23_11_27__s8,Combination,3
22_89_56__s8,Combination,3
24_38_34__s7,Combination,3
19_50_71__s5,Combination,3
19_28_02__s2,Combination,3
22_43_13__s8,Combination,3
21_68_42__s6,Combination,3
20_66_81__s4,Combination,3
22_34_26__s8,Combination,3
24_64_59__s5,Combination,3
24_09_83__s5,Combination,3
19_29_54__s4,Combination,3
21_73_51__s3,Combination,3
19_51_22__s7,Combination,3
20_87_01__s1,Combination,3
24_02_30__s5,Combination,3
22_34_56__s5,Combination,3
21_29_45__s1,Combination,3
